perturbation_id,compound_id,compound_name,smiles,gene_symbol,regulation_label,log2fc
BRD-FBDF768A_SFN_LNCaP,BRD-FBDF768A,Enzalutamide,CC1(C)C(=O)N(c2ccc(C#N)cc2C(F)(F)F)C(=S)N1c3ccc(C(=O)NC)cc3F,SFN,down,-0.499840825
BRD-FBDF768A_PIK3R3_LNCaP,BRD-FBDF768A,Enzalutamide,CC1(C)C(=O)N(c2ccc(C#N)cc2C(F)(F)F)C(=S)N1c3ccc(C(=O)NC)cc3F,PIK3R3,up,0.308730249
BRD-FBDF768A_FAM69A_LNCaP,BRD-FBDF768A,Enzalutamide,CC1(C)C(=O)N(c2ccc(C#N)cc2C(F)(F)F)C(=S)N1c3ccc(C(=O)NC)cc3F,FAM69A,down,-0.445630897
BRD-FBDF768A_VAV3_LNCaP,BRD-FBDF768A,Enzalutamide,CC1(C)C(=O)N(c2ccc(C#N)cc2C(F)(F)F)C(=S)N1c3ccc(C(=O)NC)cc3F,VAV3,up,0.416038939
BRD-FBDF768A_DENND2D_LNCaP,BRD-FBDF768A,Enzalutamide,CC1(C)C(=O)N(c2ccc(C#N)cc2C(F)(F)F)C(=S)N1c3ccc(C(=O)NC)cc3F,DENND2D,down,-0.98383439
BRD-FBDF768A_S100A4_LNCaP,BRD-FBDF768A,Enzalutamide,CC1(C)C(=O)N(c2ccc(C#N)cc2C(F)(F)F)C(=S)N1c3ccc(C(=O)NC)cc3F,S100A4,up,0.803366252
BRD-FBDF768A_MUC1_LNCaP,BRD-FBDF768A,Enzalutamide,CC1(C)C(=O)N(c2ccc(C#N)cc2C(F)(F)F)C(=S)N1c3ccc(C(=O)NC)cc3F,MUC1,up,0.810134029
BRD-FBDF768A_MPZL1_LNCaP,BRD-FBDF768A,Enzalutamide,CC1(C)C(=O)N(c2ccc(C#N)cc2C(F)(F)F)C(=S)N1c3ccc(C(=O)NC)cc3F,MPZL1,down,-0.322794686
BRD-FBDF768A_PLA2G4A_LNCaP,BRD-FBDF768A,Enzalutamide,CC1(C)C(=O)N(c2ccc(C#N)cc2C(F)(F)F)C(=S)N1c3ccc(C(=O)NC)cc3F,PLA2G4A,up,0.90608021
BRD-FBDF768A_RGS2_LNCaP,BRD-FBDF768A,Enzalutamide,CC1(C)C(=O)N(c2ccc(C#N)cc2C(F)(F)F)C(=S)N1c3ccc(C(=O)NC)cc3F,RGS2,down,-0.284603077
BRD-FBDF768A_PTPRC_LNCaP,BRD-FBDF768A,Enzalutamide,CC1(C)C(=O)N(c2ccc(C#N)cc2C(F)(F)F)C(=S)N1c3ccc(C(=O)NC)cc3F,PTPRC,up,0.56329479
BRD-FBDF768A_KIF14_LNCaP,BRD-FBDF768A,Enzalutamide,CC1(C)C(=O)N(c2ccc(C#N)cc2C(F)(F)F)C(=S)N1c3ccc(C(=O)NC)cc3F,KIF14,up,0.36527381
BRD-FBDF768A_RAB4A_LNCaP,BRD-FBDF768A,Enzalutamide,CC1(C)C(=O)N(c2ccc(C#N)cc2C(F)(F)F)C(=S)N1c3ccc(C(=O)NC)cc3F,RAB4A,down,-0.399103567
BRD-FBDF768A_KCNK1_LNCaP,BRD-FBDF768A,Enzalutamide,CC1(C)C(=O)N(c2ccc(C#N)cc2C(F)(F)F)C(=S)N1c3ccc(C(=O)NC)cc3F,KCNK1,down,-0.266322676
BRD-FBDF768A_ID2_LNCaP,BRD-FBDF768A,Enzalutamide,CC1(C)C(=O)N(c2ccc(C#N)cc2C(F)(F)F)C(=S)N1c3ccc(C(=O)NC)cc3F,ID2,down,-0.39745836
BRD-FBDF768A_IL1B_LNCaP,BRD-FBDF768A,Enzalutamide,CC1(C)C(=O)N(c2ccc(C#N)cc2C(F)(F)F)C(=S)N1c3ccc(C(=O)NC)cc3F,IL1B,up,0.409275744
BRD-FBDF768A_PAX8_LNCaP,BRD-FBDF768A,Enzalutamide,CC1(C)C(=O)N(c2ccc(C#N)cc2C(F)(F)F)C(=S)N1c3ccc(C(=O)NC)cc3F,PAX8,up,0.372178866
BRD-FBDF768A_CXCR4_LNCaP,BRD-FBDF768A,Enzalutamide,CC1(C)C(=O)N(c2ccc(C#N)cc2C(F)(F)F)C(=S)N1c3ccc(C(=O)NC)cc3F,CXCR4,down,-1.14736283
BRD-FBDF768A_KIF5C_LNCaP,BRD-FBDF768A,Enzalutamide,CC1(C)C(=O)N(c2ccc(C#N)cc2C(F)(F)F)C(=S)N1c3ccc(C(=O)NC)cc3F,KIF5C,down,-0.325335485
BRD-FBDF768A_ARL4C_LNCaP,BRD-FBDF768A,Enzalutamide,CC1(C)C(=O)N(c2ccc(C#N)cc2C(F)(F)F)C(=S)N1c3ccc(C(=O)NC)cc3F,ARL4C,down,-0.542642167
BRD-FBDF768A_BHLHE40_LNCaP,BRD-FBDF768A,Enzalutamide,CC1(C)C(=O)N(c2ccc(C#N)cc2C(F)(F)F)C(=S)N1c3ccc(C(=O)NC)cc3F,BHLHE40,down,-0.257804471
BRD-FBDF768A_SATB1_LNCaP,BRD-FBDF768A,Enzalutamide,CC1(C)C(=O)N(c2ccc(C#N)cc2C(F)(F)F)C(=S)N1c3ccc(C(=O)NC)cc3F,SATB1,down,-0.570637241
BRD-FBDF768A_TGFBR2_LNCaP,BRD-FBDF768A,Enzalutamide,CC1(C)C(=O)N(c2ccc(C#N)cc2C(F)(F)F)C(=S)N1c3ccc(C(=O)NC)cc3F,TGFBR2,down,-0.500982479
BRD-FBDF768A_ZNF589_LNCaP,BRD-FBDF768A,Enzalutamide,CC1(C)C(=O)N(c2ccc(C#N)cc2C(F)(F)F)C(=S)N1c3ccc(C(=O)NC)cc3F,ZNF589,down,-0.285471653
BRD-FBDF768A_PROS1_LNCaP,BRD-FBDF768A,Enzalutamide,CC1(C)C(=O)N(c2ccc(C#N)cc2C(F)(F)F)C(=S)N1c3ccc(C(=O)NC)cc3F,PROS1,up,0.266822073
BRD-FBDF768A_GATA2_LNCaP,BRD-FBDF768A,Enzalutamide,CC1(C)C(=O)N(c2ccc(C#N)cc2C(F)(F)F)C(=S)N1c3ccc(C(=O)NC)cc3F,GATA2,up,0.380114905
BRD-FBDF768A_PLSCR1_LNCaP,BRD-FBDF768A,Enzalutamide,CC1(C)C(=O)N(c2ccc(C#N)cc2C(F)(F)F)C(=S)N1c3ccc(C(=O)NC)cc3F,PLSCR1,up,0.636212403
BRD-FBDF768A_TIPARP_LNCaP,BRD-FBDF768A,Enzalutamide,CC1(C)C(=O)N(c2ccc(C#N)cc2C(F)(F)F)C(=S)N1c3ccc(C(=O)NC)cc3F,TIPARP,down,-1.491554411
BRD-FBDF768A_SOX2_LNCaP,BRD-FBDF768A,Enzalutamide,CC1(C)C(=O)N(c2ccc(C#N)cc2C(F)(F)F)C(=S)N1c3ccc(C(=O)NC)cc3F,SOX2,down,-0.954627437
BRD-FBDF768A_HERC6_LNCaP,BRD-FBDF768A,Enzalutamide,CC1(C)C(=O)N(c2ccc(C#N)cc2C(F)(F)F)C(=S)N1c3ccc(C(=O)NC)cc3F,HERC6,down,-0.298668194
BRD-FBDF768A_CENPE_LNCaP,BRD-FBDF768A,Enzalutamide,CC1(C)C(=O)N(c2ccc(C#N)cc2C(F)(F)F)C(=S)N1c3ccc(C(=O)NC)cc3F,CENPE,up,1.261518033
BRD-FBDF768A_INPP4B_LNCaP,BRD-FBDF768A,Enzalutamide,CC1(C)C(=O)N(c2ccc(C#N)cc2C(F)(F)F)C(=S)N1c3ccc(C(=O)NC)cc3F,INPP4B,down,-0.545399571
BRD-FBDF768A_TRIM2_LNCaP,BRD-FBDF768A,Enzalutamide,CC1(C)C(=O)N(c2ccc(C#N)cc2C(F)(F)F)C(=S)N1c3ccc(C(=O)NC)cc3F,TRIM2,up,0.439613946
BRD-FBDF768A_FAT1_LNCaP,BRD-FBDF768A,Enzalutamide,CC1(C)C(=O)N(c2ccc(C#N)cc2C(F)(F)F)C(=S)N1c3ccc(C(=O)NC)cc3F,FAT1,down,-0.310651034
BRD-FBDF768A_GHR_LNCaP,BRD-FBDF768A,Enzalutamide,CC1(C)C(=O)N(c2ccc(C#N)cc2C(F)(F)F)C(=S)N1c3ccc(C(=O)NC)cc3F,GHR,down,-0.370945812
BRD-FBDF768A_NNT_LNCaP,BRD-FBDF768A,Enzalutamide,CC1(C)C(=O)N(c2ccc(C#N)cc2C(F)(F)F)C(=S)N1c3ccc(C(=O)NC)cc3F,NNT,down,-1.718165279
BRD-FBDF768A_HMGCR_LNCaP,BRD-FBDF768A,Enzalutamide,CC1(C)C(=O)N(c2ccc(C#N)cc2C(F)(F)F)C(=S)N1c3ccc(C(=O)NC)cc3F,HMGCR,down,-0.333651263
BRD-FBDF768A_ALDH7A1_LNCaP,BRD-FBDF768A,Enzalutamide,CC1(C)C(=O)N(c2ccc(C#N)cc2C(F)(F)F)C(=S)N1c3ccc(C(=O)NC)cc3F,ALDH7A1,up,0.968934849
BRD-FBDF768A_EGR1_LNCaP,BRD-FBDF768A,Enzalutamide,CC1(C)C(=O)N(c2ccc(C#N)cc2C(F)(F)F)C(=S)N1c3ccc(C(=O)NC)cc3F,EGR1,down,-0.853221569
BRD-FBDF768A_NR3C1_LNCaP,BRD-FBDF768A,Enzalutamide,CC1(C)C(=O)N(c2ccc(C#N)cc2C(F)(F)F)C(=S)N1c3ccc(C(=O)NC)cc3F,NR3C1,up,0.772335893
BRD-FBDF768A_CSNK1A1_LNCaP,BRD-FBDF768A,Enzalutamide,CC1(C)C(=O)N(c2ccc(C#N)cc2C(F)(F)F)C(=S)N1c3ccc(C(=O)NC)cc3F,CSNK1A1,down,-0.260964098
BRD-FBDF768A_TFAP2A_LNCaP,BRD-FBDF768A,Enzalutamide,CC1(C)C(=O)N(c2ccc(C#N)cc2C(F)(F)F)C(=S)N1c3ccc(C(=O)NC)cc3F,TFAP2A,down,-0.327550492
BRD-FBDF768A_EDN1_LNCaP,BRD-FBDF768A,Enzalutamide,CC1(C)C(=O)N(c2ccc(C#N)cc2C(F)(F)F)C(=S)N1c3ccc(C(=O)NC)cc3F,EDN1,down,-1.013751909
BRD-FBDF768A_SOX4_LNCaP,BRD-FBDF768A,Enzalutamide,CC1(C)C(=O)N(c2ccc(C#N)cc2C(F)(F)F)C(=S)N1c3ccc(C(=O)NC)cc3F,SOX4,down,-0.268804896
BRD-FBDF768A_CARMIL1_LNCaP,BRD-FBDF768A,Enzalutamide,CC1(C)C(=O)N(c2ccc(C#N)cc2C(F)(F)F)C(=S)N1c3ccc(C(=O)NC)cc3F,CARMIL1,down,-0.402057163
BRD-FBDF768A_IER3_LNCaP,BRD-FBDF768A,Enzalutamide,CC1(C)C(=O)N(c2ccc(C#N)cc2C(F)(F)F)C(=S)N1c3ccc(C(=O)NC)cc3F,IER3,down,-0.9982532
BRD-FBDF768A_HLA-DRA_LNCaP,BRD-FBDF768A,Enzalutamide,CC1(C)C(=O)N(c2ccc(C#N)cc2C(F)(F)F)C(=S)N1c3ccc(C(=O)NC)cc3F,HLA-DRA,down,-2.474048363
BRD-FBDF768A_PSMB8_LNCaP,BRD-FBDF768A,Enzalutamide,CC1(C)C(=O)N(c2ccc(C#N)cc2C(F)(F)F)C(=S)N1c3ccc(C(=O)NC)cc3F,PSMB8,up,0.548353217
BRD-FBDF768A_SPDEF_LNCaP,BRD-FBDF768A,Enzalutamide,CC1(C)C(=O)N(c2ccc(C#N)cc2C(F)(F)F)C(=S)N1c3ccc(C(=O)NC)cc3F,SPDEF,down,-0.507969284
BRD-FBDF768A_FOXO3_LNCaP,BRD-FBDF768A,Enzalutamide,CC1(C)C(=O)N(c2ccc(C#N)cc2C(F)(F)F)C(=S)N1c3ccc(C(=O)NC)cc3F,FOXO3,down,-0.294829607
BRD-FBDF768A_SESN1_LNCaP,BRD-FBDF768A,Enzalutamide,CC1(C)C(=O)N(c2ccc(C#N)cc2C(F)(F)F)C(=S)N1c3ccc(C(=O)NC)cc3F,SESN1,up,0.303824122
BRD-FBDF768A_GPER1_LNCaP,BRD-FBDF768A,Enzalutamide,CC1(C)C(=O)N(c2ccc(C#N)cc2C(F)(F)F)C(=S)N1c3ccc(C(=O)NC)cc3F,GPER1,up,0.46668483
BRD-FBDF768A_IGFBP3_LNCaP,BRD-FBDF768A,Enzalutamide,CC1(C)C(=O)N(c2ccc(C#N)cc2C(F)(F)F)C(=S)N1c3ccc(C(=O)NC)cc3F,IGFBP3,down,-0.94585196
BRD-FBDF768A_GRB10_LNCaP,BRD-FBDF768A,Enzalutamide,CC1(C)C(=O)N(c2ccc(C#N)cc2C(F)(F)F)C(=S)N1c3ccc(C(=O)NC)cc3F,GRB10,up,0.413107526
BRD-FBDF768A_EGFR_LNCaP,BRD-FBDF768A,Enzalutamide,CC1(C)C(=O)N(c2ccc(C#N)cc2C(F)(F)F)C(=S)N1c3ccc(C(=O)NC)cc3F,EGFR,down,-0.348824278
BRD-FBDF768A_DMTF1_LNCaP,BRD-FBDF768A,Enzalutamide,CC1(C)C(=O)N(c2ccc(C#N)cc2C(F)(F)F)C(=S)N1c3ccc(C(=O)NC)cc3F,DMTF1,up,0.30610842
BRD-FBDF768A_FZD1_LNCaP,BRD-FBDF768A,Enzalutamide,CC1(C)C(=O)N(c2ccc(C#N)cc2C(F)(F)F)C(=S)N1c3ccc(C(=O)NC)cc3F,FZD1,down,-0.299706988
BRD-FBDF768A_CDK6_LNCaP,BRD-FBDF768A,Enzalutamide,CC1(C)C(=O)N(c2ccc(C#N)cc2C(F)(F)F)C(=S)N1c3ccc(C(=O)NC)cc3F,CDK6,down,-0.484844515
BRD-FBDF768A_SERPINE1_LNCaP,BRD-FBDF768A,Enzalutamide,CC1(C)C(=O)N(c2ccc(C#N)cc2C(F)(F)F)C(=S)N1c3ccc(C(=O)NC)cc3F,SERPINE1,up,1.923583846
BRD-FBDF768A_CEBPD_LNCaP,BRD-FBDF768A,Enzalutamide,CC1(C)C(=O)N(c2ccc(C#N)cc2C(F)(F)F)C(=S)N1c3ccc(C(=O)NC)cc3F,CEBPD,down,-0.353678612
BRD-FBDF768A_CCNE2_LNCaP,BRD-FBDF768A,Enzalutamide,CC1(C)C(=O)N(c2ccc(C#N)cc2C(F)(F)F)C(=S)N1c3ccc(C(=O)NC)cc3F,CCNE2,up,0.353801446
BRD-FBDF768A_TRIB1_LNCaP,BRD-FBDF768A,Enzalutamide,CC1(C)C(=O)N(c2ccc(C#N)cc2C(F)(F)F)C(=S)N1c3ccc(C(=O)NC)cc3F,TRIB1,up,0.340707059
BRD-FBDF768A_SYK_LNCaP,BRD-FBDF768A,Enzalutamide,CC1(C)C(=O)N(c2ccc(C#N)cc2C(F)(F)F)C(=S)N1c3ccc(C(=O)NC)cc3F,SYK,down,-1.887587432
BRD-FBDF768A_BAMBI_LNCaP,BRD-FBDF768A,Enzalutamide,CC1(C)C(=O)N(c2ccc(C#N)cc2C(F)(F)F)C(=S)N1c3ccc(C(=O)NC)cc3F,BAMBI,up,0.902867947
BRD-FBDF768A_CDK1_LNCaP,BRD-FBDF768A,Enzalutamide,CC1(C)C(=O)N(c2ccc(C#N)cc2C(F)(F)F)C(=S)N1c3ccc(C(=O)NC)cc3F,CDK1,up,0.286380351
BRD-FBDF768A_ZMIZ1_LNCaP,BRD-FBDF768A,Enzalutamide,CC1(C)C(=O)N(c2ccc(C#N)cc2C(F)(F)F)C(=S)N1c3ccc(C(=O)NC)cc3F,ZMIZ1,down,-0.349435503
BRD-FBDF768A_FAS_LNCaP,BRD-FBDF768A,Enzalutamide,CC1(C)C(=O)N(c2ccc(C#N)cc2C(F)(F)F)C(=S)N1c3ccc(C(=O)NC)cc3F,FAS,up,0.324192311
BRD-FBDF768A_FGFR2_LNCaP,BRD-FBDF768A,Enzalutamide,CC1(C)C(=O)N(c2ccc(C#N)cc2C(F)(F)F)C(=S)N1c3ccc(C(=O)NC)cc3F,FGFR2,down,-0.345421121
BRD-FBDF768A_TSKU_LNCaP,BRD-FBDF768A,Enzalutamide,CC1(C)C(=O)N(c2ccc(C#N)cc2C(F)(F)F)C(=S)N1c3ccc(C(=O)NC)cc3F,TSKU,down,-0.354374805
BRD-FBDF768A_BIRC2_LNCaP,BRD-FBDF768A,Enzalutamide,CC1(C)C(=O)N(c2ccc(C#N)cc2C(F)(F)F)C(=S)N1c3ccc(C(=O)NC)cc3F,BIRC2,up,0.257492596
BRD-FBDF768A_SLC35F2_LNCaP,BRD-FBDF768A,Enzalutamide,CC1(C)C(=O)N(c2ccc(C#N)cc2C(F)(F)F)C(=S)N1c3ccc(C(=O)NC)cc3F,SLC35F2,down,-0.46549398
BRD-FBDF768A_DNM1L_LNCaP,BRD-FBDF768A,Enzalutamide,CC1(C)C(=O)N(c2ccc(C#N)cc2C(F)(F)F)C(=S)N1c3ccc(C(=O)NC)cc3F,DNM1L,down,-0.346688007
BRD-FBDF768A_SOCS2_LNCaP,BRD-FBDF768A,Enzalutamide,CC1(C)C(=O)N(c2ccc(C#N)cc2C(F)(F)F)C(=S)N1c3ccc(C(=O)NC)cc3F,SOCS2,down,-0.665915417
BRD-FBDF768A_CCNA1_LNCaP,BRD-FBDF768A,Enzalutamide,CC1(C)C(=O)N(c2ccc(C#N)cc2C(F)(F)F)C(=S)N1c3ccc(C(=O)NC)cc3F,CCNA1,up,0.968930699
BRD-FBDF768A_MBNL2_LNCaP,BRD-FBDF768A,Enzalutamide,CC1(C)C(=O)N(c2ccc(C#N)cc2C(F)(F)F)C(=S)N1c3ccc(C(=O)NC)cc3F,MBNL2,up,0.574309991
BRD-FBDF768A_COL4A1_LNCaP,BRD-FBDF768A,Enzalutamide,CC1(C)C(=O)N(c2ccc(C#N)cc2C(F)(F)F)C(=S)N1c3ccc(C(=O)NC)cc3F,COL4A1,down,-2.423950187
BRD-FBDF768A_NFKBIA_LNCaP,BRD-FBDF768A,Enzalutamide,CC1(C)C(=O)N(c2ccc(C#N)cc2C(F)(F)F)C(=S)N1c3ccc(C(=O)NC)cc3F,NFKBIA,down,-0.754292319
BRD-FBDF768A_POLE2_LNCaP,BRD-FBDF768A,Enzalutamide,CC1(C)C(=O)N(c2ccc(C#N)cc2C(F)(F)F)C(=S)N1c3ccc(C(=O)NC)cc3F,POLE2,up,0.308660422
BRD-FBDF768A_BMP4_LNCaP,BRD-FBDF768A,Enzalutamide,CC1(C)C(=O)N(c2ccc(C#N)cc2C(F)(F)F)C(=S)N1c3ccc(C(=O)NC)cc3F,BMP4,up,0.589936897
BRD-FBDF768A_FOS_LNCaP,BRD-FBDF768A,Enzalutamide,CC1(C)C(=O)N(c2ccc(C#N)cc2C(F)(F)F)C(=S)N1c3ccc(C(=O)NC)cc3F,FOS,down,-0.999098918
BRD-FBDF768A_TGFB3_LNCaP,BRD-FBDF768A,Enzalutamide,CC1(C)C(=O)N(c2ccc(C#N)cc2C(F)(F)F)C(=S)N1c3ccc(C(=O)NC)cc3F,TGFB3,up,0.546409464
BRD-FBDF768A_PAK6_LNCaP,BRD-FBDF768A,Enzalutamide,CC1(C)C(=O)N(c2ccc(C#N)cc2C(F)(F)F)C(=S)N1c3ccc(C(=O)NC)cc3F,PAK6,down,-2.431403331
BRD-FBDF768A_RAB27A_LNCaP,BRD-FBDF768A,Enzalutamide,CC1(C)C(=O)N(c2ccc(C#N)cc2C(F)(F)F)C(=S)N1c3ccc(C(=O)NC)cc3F,RAB27A,down,-0.326863078
BRD-FBDF768A_CSK_LNCaP,BRD-FBDF768A,Enzalutamide,CC1(C)C(=O)N(c2ccc(C#N)cc2C(F)(F)F)C(=S)N1c3ccc(C(=O)NC)cc3F,CSK,down,-0.284376947
BRD-FBDF768A_HOMER2_LNCaP,BRD-FBDF768A,Enzalutamide,CC1(C)C(=O)N(c2ccc(C#N)cc2C(F)(F)F)C(=S)N1c3ccc(C(=O)NC)cc3F,HOMER2,down,-0.280276631
BRD-FBDF768A_IGF1R_LNCaP,BRD-FBDF768A,Enzalutamide,CC1(C)C(=O)N(c2ccc(C#N)cc2C(F)(F)F)C(=S)N1c3ccc(C(=O)NC)cc3F,IGF1R,down,-0.942955549
BRD-FBDF768A_IL4R_LNCaP,BRD-FBDF768A,Enzalutamide,CC1(C)C(=O)N(c2ccc(C#N)cc2C(F)(F)F)C(=S)N1c3ccc(C(=O)NC)cc3F,IL4R,up,0.349070047
BRD-FBDF768A_HERPUD1_LNCaP,BRD-FBDF768A,Enzalutamide,CC1(C)C(=O)N(c2ccc(C#N)cc2C(F)(F)F)C(=S)N1c3ccc(C(=O)NC)cc3F,HERPUD1,down,-0.379566973
BRD-FBDF768A_CDH3_LNCaP,BRD-FBDF768A,Enzalutamide,CC1(C)C(=O)N(c2ccc(C#N)cc2C(F)(F)F)C(=S)N1c3ccc(C(=O)NC)cc3F,CDH3,up,0.429782903
BRD-FBDF768A_ATMIN_LNCaP,BRD-FBDF768A,Enzalutamide,CC1(C)C(=O)N(c2ccc(C#N)cc2C(F)(F)F)C(=S)N1c3ccc(C(=O)NC)cc3F,ATMIN,down,-0.292453757
BRD-FBDF768A_PLSCR3_LNCaP,BRD-FBDF768A,Enzalutamide,CC1(C)C(=O)N(c2ccc(C#N)cc2C(F)(F)F)C(=S)N1c3ccc(C(=O)NC)cc3F,PLSCR3,up,0.658633128
BRD-FBDF768A_EPN2_LNCaP,BRD-FBDF768A,Enzalutamide,CC1(C)C(=O)N(c2ccc(C#N)cc2C(F)(F)F)C(=S)N1c3ccc(C(=O)NC)cc3F,EPN2,down,-0.296918539
BRD-FBDF768A_APPBP2_LNCaP,BRD-FBDF768A,Enzalutamide,CC1(C)C(=O)N(c2ccc(C#N)cc2C(F)(F)F)C(=S)N1c3ccc(C(=O)NC)cc3F,APPBP2,down,-0.54183984
BRD-FBDF768A_TBX2_LNCaP,BRD-FBDF768A,Enzalutamide,CC1(C)C(=O)N(c2ccc(C#N)cc2C(F)(F)F)C(=S)N1c3ccc(C(=O)NC)cc3F,TBX2,up,1.316724745
BRD-FBDF768A_ST6GALNAC2_LNCaP,BRD-FBDF768A,Enzalutamide,CC1(C)C(=O)N(c2ccc(C#N)cc2C(F)(F)F)C(=S)N1c3ccc(C(=O)NC)cc3F,ST6GALNAC2,down,-1.308089932
BRD-FBDF768A_CYTH1_LNCaP,BRD-FBDF768A,Enzalutamide,CC1(C)C(=O)N(c2ccc(C#N)cc2C(F)(F)F)C(=S)N1c3ccc(C(=O)NC)cc3F,CYTH1,down,-0.369501876
BRD-FBDF768A_TUBB6_LNCaP,BRD-FBDF768A,Enzalutamide,CC1(C)C(=O)N(c2ccc(C#N)cc2C(F)(F)F)C(=S)N1c3ccc(C(=O)NC)cc3F,TUBB6,down,-0.296480338
BRD-FBDF768A_NPC1_LNCaP,BRD-FBDF768A,Enzalutamide,CC1(C)C(=O)N(c2ccc(C#N)cc2C(F)(F)F)C(=S)N1c3ccc(C(=O)NC)cc3F,NPC1,down,-0.352800032
BRD-FBDF768A_MALT1_LNCaP,BRD-FBDF768A,Enzalutamide,CC1(C)C(=O)N(c2ccc(C#N)cc2C(F)(F)F)C(=S)N1c3ccc(C(=O)NC)cc3F,MALT1,down,-0.45140518
BRD-FBDF768A_PMAIP1_LNCaP,BRD-FBDF768A,Enzalutamide,CC1(C)C(=O)N(c2ccc(C#N)cc2C(F)(F)F)C(=S)N1c3ccc(C(=O)NC)cc3F,PMAIP1,down,-0.279568882
BRD-FBDF768A_FSD1_LNCaP,BRD-FBDF768A,Enzalutamide,CC1(C)C(=O)N(c2ccc(C#N)cc2C(F)(F)F)C(=S)N1c3ccc(C(=O)NC)cc3F,FSD1,up,0.423071921
BRD-FBDF768A_ICAM1_LNCaP,BRD-FBDF768A,Enzalutamide,CC1(C)C(=O)N(c2ccc(C#N)cc2C(F)(F)F)C(=S)N1c3ccc(C(=O)NC)cc3F,ICAM1,up,0.463623879
BRD-FBDF768A_ZFP36_LNCaP,BRD-FBDF768A,Enzalutamide,CC1(C)C(=O)N(c2ccc(C#N)cc2C(F)(F)F)C(=S)N1c3ccc(C(=O)NC)cc3F,ZFP36,down,-0.286519179
BRD-FBDF768A_APOE_LNCaP,BRD-FBDF768A,Enzalutamide,CC1(C)C(=O)N(c2ccc(C#N)cc2C(F)(F)F)C(=S)N1c3ccc(C(=O)NC)cc3F,APOE,up,1.106370441
BRD-FBDF768A_RELB_LNCaP,BRD-FBDF768A,Enzalutamide,CC1(C)C(=O)N(c2ccc(C#N)cc2C(F)(F)F)C(=S)N1c3ccc(C(=O)NC)cc3F,RELB,down,-0.287065714
BRD-FBDF768A_RTN2_LNCaP,BRD-FBDF768A,Enzalutamide,CC1(C)C(=O)N(c2ccc(C#N)cc2C(F)(F)F)C(=S)N1c3ccc(C(=O)NC)cc3F,RTN2,down,-0.30138133
BRD-FBDF768A_SPAG4_LNCaP,BRD-FBDF768A,Enzalutamide,CC1(C)C(=O)N(c2ccc(C#N)cc2C(F)(F)F)C(=S)N1c3ccc(C(=O)NC)cc3F,SPAG4,up,0.322245643
BRD-FBDF768A_MYL9_LNCaP,BRD-FBDF768A,Enzalutamide,CC1(C)C(=O)N(c2ccc(C#N)cc2C(F)(F)F)C(=S)N1c3ccc(C(=O)NC)cc3F,MYL9,down,-0.453447636
BRD-FBDF768A_CD40_LNCaP,BRD-FBDF768A,Enzalutamide,CC1(C)C(=O)N(c2ccc(C#N)cc2C(F)(F)F)C(=S)N1c3ccc(C(=O)NC)cc3F,CD40,up,0.968934967
BRD-FBDF768A_PTPN1_LNCaP,BRD-FBDF768A,Enzalutamide,CC1(C)C(=O)N(c2ccc(C#N)cc2C(F)(F)F)C(=S)N1c3ccc(C(=O)NC)cc3F,PTPN1,down,-0.27395013
BRD-FBDF768A_CBR3_LNCaP,BRD-FBDF768A,Enzalutamide,CC1(C)C(=O)N(c2ccc(C#N)cc2C(F)(F)F)C(=S)N1c3ccc(C(=O)NC)cc3F,CBR3,up,0.271994506
BRD-FBDF768A_BACE2_LNCaP,BRD-FBDF768A,Enzalutamide,CC1(C)C(=O)N(c2ccc(C#N)cc2C(F)(F)F)C(=S)N1c3ccc(C(=O)NC)cc3F,BACE2,down,-0.320739152
BRD-FBDF768A_MIF_LNCaP,BRD-FBDF768A,Enzalutamide,CC1(C)C(=O)N(c2ccc(C#N)cc2C(F)(F)F)C(=S)N1c3ccc(C(=O)NC)cc3F,MIF,up,0.299623291
BRD-FBDF768A_RAC2_LNCaP,BRD-FBDF768A,Enzalutamide,CC1(C)C(=O)N(c2ccc(C#N)cc2C(F)(F)F)C(=S)N1c3ccc(C(=O)NC)cc3F,RAC2,up,1.888084086
BRD-FBDF768A_BTK_LNCaP,BRD-FBDF768A,Enzalutamide,CC1(C)C(=O)N(c2ccc(C#N)cc2C(F)(F)F)C(=S)N1c3ccc(C(=O)NC)cc3F,BTK,down,-0.593479626
BRD-FBDF768A_TSC22D3_LNCaP,BRD-FBDF768A,Enzalutamide,CC1(C)C(=O)N(c2ccc(C#N)cc2C(F)(F)F)C(=S)N1c3ccc(C(=O)NC)cc3F,TSC22D3,up,0.535858371
BRD-FBDF768A_MAMLD1_LNCaP,BRD-FBDF768A,Enzalutamide,CC1(C)C(=O)N(c2ccc(C#N)cc2C(F)(F)F)C(=S)N1c3ccc(C(=O)NC)cc3F,MAMLD1,up,0.395666421
BRD-EA7176A6_KLHL21_LNCaP,BRD-EA7176A6,VPC17005,PRECOMPUTED,KLHL21,up,0.267303729
BRD-EA7176A6_CLSTN1_LNCaP,BRD-EA7176A6,VPC17005,PRECOMPUTED,CLSTN1,up,0.259250953
BRD-EA7176A6_RAP1GAP_LNCaP,BRD-EA7176A6,VPC17005,PRECOMPUTED,RAP1GAP,up,0.298295318
BRD-EA7176A6_CLIC4_LNCaP,BRD-EA7176A6,VPC17005,PRECOMPUTED,CLIC4,down,-0.289119629
BRD-EA7176A6_RPS6KA1_LNCaP,BRD-EA7176A6,VPC17005,PRECOMPUTED,RPS6KA1,up,0.297088974
BRD-EA7176A6_SFN_LNCaP,BRD-EA7176A6,VPC17005,PRECOMPUTED,SFN,down,-0.339140653
BRD-EA7176A6_WDTC1_LNCaP,BRD-EA7176A6,VPC17005,PRECOMPUTED,WDTC1,up,0.321852313
BRD-EA7176A6_CDC20_LNCaP,BRD-EA7176A6,VPC17005,PRECOMPUTED,CDC20,up,0.310939496
BRD-EA7176A6_GADD45A_LNCaP,BRD-EA7176A6,VPC17005,PRECOMPUTED,GADD45A,down,-0.26312103
BRD-EA7176A6_FAM69A_LNCaP,BRD-EA7176A6,VPC17005,PRECOMPUTED,FAM69A,down,-0.366248199
BRD-EA7176A6_VAV3_LNCaP,BRD-EA7176A6,VPC17005,PRECOMPUTED,VAV3,up,0.461297926
BRD-EA7176A6_GSTM2_LNCaP,BRD-EA7176A6,VPC17005,PRECOMPUTED,GSTM2,up,0.504557061
BRD-EA7176A6_DENND2D_LNCaP,BRD-EA7176A6,VPC17005,PRECOMPUTED,DENND2D,up,0.325127322
BRD-EA7176A6_NRAS_LNCaP,BRD-EA7176A6,VPC17005,PRECOMPUTED,NRAS,down,-0.263414468
BRD-EA7176A6_CD58_LNCaP,BRD-EA7176A6,VPC17005,PRECOMPUTED,CD58,down,-0.335449503
BRD-EA7176A6_PHGDH_LNCaP,BRD-EA7176A6,VPC17005,PRECOMPUTED,PHGDH,up,0.440837389
BRD-EA7176A6_MINDY1_LNCaP,BRD-EA7176A6,VPC17005,PRECOMPUTED,MINDY1,up,0.344139067
BRD-EA7176A6_S100A4_LNCaP,BRD-EA7176A6,VPC17005,PRECOMPUTED,S100A4,up,0.699913144
BRD-EA7176A6_S100A13_LNCaP,BRD-EA7176A6,VPC17005,PRECOMPUTED,S100A13,up,0.389417384
BRD-EA7176A6_SLC27A3_LNCaP,BRD-EA7176A6,VPC17005,PRECOMPUTED,SLC27A3,up,0.300387123
BRD-EA7176A6_SHC1_LNCaP,BRD-EA7176A6,VPC17005,PRECOMPUTED,SHC1,up,0.251663512
BRD-EA7176A6_MUC1_LNCaP,BRD-EA7176A6,VPC17005,PRECOMPUTED,MUC1,up,1.386740099
BRD-EA7176A6_PPOX_LNCaP,BRD-EA7176A6,VPC17005,PRECOMPUTED,PPOX,up,0.306853851
BRD-EA7176A6_CREG1_LNCaP,BRD-EA7176A6,VPC17005,PRECOMPUTED,CREG1,down,-0.2534117
BRD-EA7176A6_MPZL1_LNCaP,BRD-EA7176A6,VPC17005,PRECOMPUTED,MPZL1,down,-0.313535566
BRD-EA7176A6_MPC2_LNCaP,BRD-EA7176A6,VPC17005,PRECOMPUTED,MPC2,down,-0.282000628
BRD-EA7176A6_PLA2G4A_LNCaP,BRD-EA7176A6,VPC17005,PRECOMPUTED,PLA2G4A,down,-0.265525284
BRD-EA7176A6_RGS2_LNCaP,BRD-EA7176A6,VPC17005,PRECOMPUTED,RGS2,down,-0.370580298
BRD-EA7176A6_PTPRC_LNCaP,BRD-EA7176A6,VPC17005,PRECOMPUTED,PTPRC,down,-0.862689189
BRD-EA7176A6_KIF14_LNCaP,BRD-EA7176A6,VPC17005,PRECOMPUTED,KIF14,up,0.548727984
BRD-EA7176A6_CSRP1_LNCaP,BRD-EA7176A6,VPC17005,PRECOMPUTED,CSRP1,up,0.299621008
BRD-EA7176A6_IKBKE_LNCaP,BRD-EA7176A6,VPC17005,PRECOMPUTED,IKBKE,up,0.346577281
BRD-EA7176A6_NENF_LNCaP,BRD-EA7176A6,VPC17005,PRECOMPUTED,NENF,up,0.270235559
BRD-EA7176A6_EPRS_LNCaP,BRD-EA7176A6,VPC17005,PRECOMPUTED,EPRS,down,-0.342267439
BRD-EA7176A6_NVL_LNCaP,BRD-EA7176A6,VPC17005,PRECOMPUTED,NVL,down,-0.256464807
BRD-EA7176A6_RAB4A_LNCaP,BRD-EA7176A6,VPC17005,PRECOMPUTED,RAB4A,down,-0.34216427
BRD-EA7176A6_NUP133_LNCaP,BRD-EA7176A6,VPC17005,PRECOMPUTED,NUP133,down,-0.268347254
BRD-EA7176A6_RBM34_LNCaP,BRD-EA7176A6,VPC17005,PRECOMPUTED,RBM34,down,-0.583121752
BRD-EA7176A6_ARID4B_LNCaP,BRD-EA7176A6,VPC17005,PRECOMPUTED,ARID4B,up,0.294061612
BRD-EA7176A6_SCCPDH_LNCaP,BRD-EA7176A6,VPC17005,PRECOMPUTED,SCCPDH,down,-0.257914266
BRD-EA7176A6_ID2_LNCaP,BRD-EA7176A6,VPC17005,PRECOMPUTED,ID2,down,-0.296945127
BRD-EA7176A6_DNMT3A_LNCaP,BRD-EA7176A6,VPC17005,PRECOMPUTED,DNMT3A,down,-0.283687756
BRD-EA7176A6_SLC1A4_LNCaP,BRD-EA7176A6,VPC17005,PRECOMPUTED,SLC1A4,up,0.342003712
BRD-EA7176A6_KDM3A_LNCaP,BRD-EA7176A6,VPC17005,PRECOMPUTED,KDM3A,down,-0.320997849
BRD-EA7176A6_FHL2_LNCaP,BRD-EA7176A6,VPC17005,PRECOMPUTED,FHL2,down,-0.92286602
BRD-EA7176A6_IL1B_LNCaP,BRD-EA7176A6,VPC17005,PRECOMPUTED,IL1B,down,-0.591214127
BRD-EA7176A6_PAX8_LNCaP,BRD-EA7176A6,VPC17005,PRECOMPUTED,PAX8,up,0.370896896
BRD-EA7176A6_GLI2_LNCaP,BRD-EA7176A6,VPC17005,PRECOMPUTED,GLI2,down,-0.514466061
BRD-EA7176A6_CXCR4_LNCaP,BRD-EA7176A6,VPC17005,PRECOMPUTED,CXCR4,down,-0.598118802
BRD-EA7176A6_KIF5C_LNCaP,BRD-EA7176A6,VPC17005,PRECOMPUTED,KIF5C,down,-0.42843654
BRD-EA7176A6_CHN1_LNCaP,BRD-EA7176A6,VPC17005,PRECOMPUTED,CHN1,down,-0.510240253
BRD-EA7176A6_HSPD1_LNCaP,BRD-EA7176A6,VPC17005,PRECOMPUTED,HSPD1,down,-0.318987783
BRD-EA7176A6_PECR_LNCaP,BRD-EA7176A6,VPC17005,PRECOMPUTED,PECR,down,-0.295544058
BRD-EA7176A6_GPC1_LNCaP,BRD-EA7176A6,VPC17005,PRECOMPUTED,GPC1,up,0.289770373
BRD-EA7176A6_STK25_LNCaP,BRD-EA7176A6,VPC17005,PRECOMPUTED,STK25,up,0.257730754
BRD-EA7176A6_BHLHE40_LNCaP,BRD-EA7176A6,VPC17005,PRECOMPUTED,BHLHE40,down,-0.365005112
BRD-EA7176A6_EDEM1_LNCaP,BRD-EA7176A6,VPC17005,PRECOMPUTED,EDEM1,down,-0.280338408
BRD-EA7176A6_OXSR1_LNCaP,BRD-EA7176A6,VPC17005,PRECOMPUTED,OXSR1,down,-0.372735365
BRD-EA7176A6_SACM1L_LNCaP,BRD-EA7176A6,VPC17005,PRECOMPUTED,SACM1L,down,-0.303423922
BRD-EA7176A6_SMARCC1_LNCaP,BRD-EA7176A6,VPC17005,PRECOMPUTED,SMARCC1,down,-0.273685235
BRD-EA7176A6_P4HTM_LNCaP,BRD-EA7176A6,VPC17005,PRECOMPUTED,P4HTM,up,0.339046446
BRD-EA7176A6_RHOA_LNCaP,BRD-EA7176A6,VPC17005,PRECOMPUTED,RHOA,up,0.261617059
BRD-EA7176A6_MAPKAPK3_LNCaP,BRD-EA7176A6,VPC17005,PRECOMPUTED,MAPKAPK3,up,0.368286557
BRD-EA7176A6_TWF2_LNCaP,BRD-EA7176A6,VPC17005,PRECOMPUTED,TWF2,up,0.301139773
BRD-EA7176A6_NT5DC2_LNCaP,BRD-EA7176A6,VPC17005,PRECOMPUTED,NT5DC2,up,0.389649462
BRD-EA7176A6_TOMM70_LNCaP,BRD-EA7176A6,VPC17005,PRECOMPUTED,TOMM70,down,-0.284047192
BRD-EA7176A6_GTPBP8_LNCaP,BRD-EA7176A6,VPC17005,PRECOMPUTED,GTPBP8,down,-0.27631866
BRD-EA7176A6_GATA2_LNCaP,BRD-EA7176A6,VPC17005,PRECOMPUTED,GATA2,up,0.399499702
BRD-EA7176A6_ATP2C1_LNCaP,BRD-EA7176A6,VPC17005,PRECOMPUTED,ATP2C1,down,-0.305375344
BRD-EA7176A6_COPB2_LNCaP,BRD-EA7176A6,VPC17005,PRECOMPUTED,COPB2,down,-0.320697613
BRD-EA7176A6_PLS1_LNCaP,BRD-EA7176A6,VPC17005,PRECOMPUTED,PLS1,down,-0.261814345
BRD-EA7176A6_TIPARP_LNCaP,BRD-EA7176A6,VPC17005,PRECOMPUTED,TIPARP,down,-1.344178082
BRD-EA7176A6_SMC4_LNCaP,BRD-EA7176A6,VPC17005,PRECOMPUTED,SMC4,up,0.306039896
BRD-EA7176A6_SOX2_LNCaP,BRD-EA7176A6,VPC17005,PRECOMPUTED,SOX2,down,-0.928172194
BRD-EA7176A6_IGF2BP2_LNCaP,BRD-EA7176A6,VPC17005,PRECOMPUTED,IGF2BP2,up,0.763473082
BRD-EA7176A6_MFSD10_LNCaP,BRD-EA7176A6,VPC17005,PRECOMPUTED,MFSD10,up,0.331910206
BRD-EA7176A6_WFS1_LNCaP,BRD-EA7176A6,VPC17005,PRECOMPUTED,WFS1,up,0.315647841
BRD-EA7176A6_UGDH_LNCaP,BRD-EA7176A6,VPC17005,PRECOMPUTED,UGDH,down,-0.286696154
BRD-EA7176A6_HSD17B11_LNCaP,BRD-EA7176A6,VPC17005,PRECOMPUTED,HSD17B11,down,-0.265955156
BRD-EA7176A6_NUDT9_LNCaP,BRD-EA7176A6,VPC17005,PRECOMPUTED,NUDT9,down,-0.403388592
BRD-EA7176A6_HERC6_LNCaP,BRD-EA7176A6,VPC17005,PRECOMPUTED,HERC6,down,-0.545978845
BRD-EA7176A6_SNCA_LNCaP,BRD-EA7176A6,VPC17005,PRECOMPUTED,SNCA,up,0.784590127
BRD-EA7176A6_CENPE_LNCaP,BRD-EA7176A6,VPC17005,PRECOMPUTED,CENPE,up,1.373139104
BRD-EA7176A6_INPP4B_LNCaP,BRD-EA7176A6,VPC17005,PRECOMPUTED,INPP4B,down,-0.58650163
BRD-EA7176A6_FAT1_LNCaP,BRD-EA7176A6,VPC17005,PRECOMPUTED,FAT1,down,-0.260838684
BRD-EA7176A6_RAI14_LNCaP,BRD-EA7176A6,VPC17005,PRECOMPUTED,RAI14,down,-0.300628932
BRD-EA7176A6_OXCT1_LNCaP,BRD-EA7176A6,VPC17005,PRECOMPUTED,OXCT1,down,-0.298657402
BRD-EA7176A6_GHR_LNCaP,BRD-EA7176A6,VPC17005,PRECOMPUTED,GHR,down,-0.587702475
BRD-EA7176A6_HMGCS1_LNCaP,BRD-EA7176A6,VPC17005,PRECOMPUTED,HMGCS1,down,-0.472764705
BRD-EA7176A6_NNT_LNCaP,BRD-EA7176A6,VPC17005,PRECOMPUTED,NNT,down,-2.401731781
BRD-EA7176A6_HMGCR_LNCaP,BRD-EA7176A6,VPC17005,PRECOMPUTED,HMGCR,down,-0.475550806
BRD-EA7176A6_PPIC_LNCaP,BRD-EA7176A6,VPC17005,PRECOMPUTED,PPIC,down,-0.277157015
BRD-EA7176A6_ALDH7A1_LNCaP,BRD-EA7176A6,VPC17005,PRECOMPUTED,ALDH7A1,up,2.394217779
BRD-EA7176A6_HSPA4_LNCaP,BRD-EA7176A6,VPC17005,PRECOMPUTED,HSPA4,down,-0.315571545
BRD-EA7176A6_NR3C1_LNCaP,BRD-EA7176A6,VPC17005,PRECOMPUTED,NR3C1,up,1.106235168
BRD-EA7176A6_CSNK1A1_LNCaP,BRD-EA7176A6,VPC17005,PRECOMPUTED,CSNK1A1,down,-0.44249378
BRD-EA7176A6_TNIP1_LNCaP,BRD-EA7176A6,VPC17005,PRECOMPUTED,TNIP1,up,0.306828265
BRD-EA7176A6_G3BP1_LNCaP,BRD-EA7176A6,VPC17005,PRECOMPUTED,G3BP1,down,-0.365227527
BRD-EA7176A6_FGFR4_LNCaP,BRD-EA7176A6,VPC17005,PRECOMPUTED,FGFR4,up,0.444619107
BRD-EA7176A6_PRR7_LNCaP,BRD-EA7176A6,VPC17005,PRECOMPUTED,PRR7,up,0.314438869
BRD-EA7176A6_SQSTM1_LNCaP,BRD-EA7176A6,VPC17005,PRECOMPUTED,SQSTM1,up,0.346967506
BRD-EA7176A6_EDN1_LNCaP,BRD-EA7176A6,VPC17005,PRECOMPUTED,EDN1,down,-1.041093381
BRD-EA7176A6_SOX4_LNCaP,BRD-EA7176A6,VPC17005,PRECOMPUTED,SOX4,down,-0.371574291
BRD-EA7176A6_CARMIL1_LNCaP,BRD-EA7176A6,VPC17005,PRECOMPUTED,CARMIL1,down,-0.600360201
BRD-EA7176A6_IER3_LNCaP,BRD-EA7176A6,VPC17005,PRECOMPUTED,IER3,down,-1.396598876
BRD-EA7176A6_HLA-DRA_LNCaP,BRD-EA7176A6,VPC17005,PRECOMPUTED,HLA-DRA,down,-1.493793646
BRD-EA7176A6_PSMB8_LNCaP,BRD-EA7176A6,VPC17005,PRECOMPUTED,PSMB8,up,0.734291758
BRD-EA7176A6_HLA-DMA_LNCaP,BRD-EA7176A6,VPC17005,PRECOMPUTED,HLA-DMA,up,0.266187261
BRD-EA7176A6_PPARD_LNCaP,BRD-EA7176A6,VPC17005,PRECOMPUTED,PPARD,up,0.30721498
BRD-EA7176A6_UBE2J1_LNCaP,BRD-EA7176A6,VPC17005,PRECOMPUTED,UBE2J1,down,-0.352944871
BRD-EA7176A6_ASCC3_LNCaP,BRD-EA7176A6,VPC17005,PRECOMPUTED,ASCC3,down,-0.47720596
BRD-EA7176A6_FOXO3_LNCaP,BRD-EA7176A6,VPC17005,PRECOMPUTED,FOXO3,down,-0.460146625
BRD-EA7176A6_CDK19_LNCaP,BRD-EA7176A6,VPC17005,PRECOMPUTED,CDK19,down,-0.274838327
BRD-EA7176A6_FYN_LNCaP,BRD-EA7176A6,VPC17005,PRECOMPUTED,FYN,up,0.587881326
BRD-EA7176A6_HDAC2_LNCaP,BRD-EA7176A6,VPC17005,PRECOMPUTED,HDAC2,down,-0.32981168
BRD-EA7176A6_MAP7_LNCaP,BRD-EA7176A6,VPC17005,PRECOMPUTED,MAP7,down,-0.268997235
BRD-EA7176A6_TBP_LNCaP,BRD-EA7176A6,VPC17005,PRECOMPUTED,TBP,up,0.295351023
BRD-EA7176A6_GPER1_LNCaP,BRD-EA7176A6,VPC17005,PRECOMPUTED,GPER1,up,0.547788582
BRD-EA7176A6_CYCS_LNCaP,BRD-EA7176A6,VPC17005,PRECOMPUTED,CYCS,down,-0.286857941
BRD-EA7176A6_FKBP14_LNCaP,BRD-EA7176A6,VPC17005,PRECOMPUTED,FKBP14,down,-0.318601677
BRD-EA7176A6_NUDCD3_LNCaP,BRD-EA7176A6,VPC17005,PRECOMPUTED,NUDCD3,up,0.274053602
BRD-EA7176A6_IGFBP3_LNCaP,BRD-EA7176A6,VPC17005,PRECOMPUTED,IGFBP3,down,-0.599300189
BRD-EA7176A6_GRB10_LNCaP,BRD-EA7176A6,VPC17005,PRECOMPUTED,GRB10,up,0.293587277
BRD-EA7176A6_EGFR_LNCaP,BRD-EA7176A6,VPC17005,PRECOMPUTED,EGFR,down,-0.434848202
BRD-EA7176A6_HSPB1_LNCaP,BRD-EA7176A6,VPC17005,PRECOMPUTED,HSPB1,up,0.330908117
BRD-EA7176A6_FZD1_LNCaP,BRD-EA7176A6,VPC17005,PRECOMPUTED,FZD1,down,-0.251984193
BRD-EA7176A6_PLOD3_LNCaP,BRD-EA7176A6,VPC17005,PRECOMPUTED,PLOD3,up,0.265960673
BRD-EA7176A6_FIS1_LNCaP,BRD-EA7176A6,VPC17005,PRECOMPUTED,FIS1,up,0.262405123
BRD-EA7176A6_DLD_LNCaP,BRD-EA7176A6,VPC17005,PRECOMPUTED,DLD,down,-0.31973921
BRD-EA7176A6_TES_LNCaP,BRD-EA7176A6,VPC17005,PRECOMPUTED,TES,down,-0.336733659
BRD-EA7176A6_CALU_LNCaP,BRD-EA7176A6,VPC17005,PRECOMPUTED,CALU,down,-0.32649842
BRD-EA7176A6_NOS3_LNCaP,BRD-EA7176A6,VPC17005,PRECOMPUTED,NOS3,up,0.381596087
BRD-EA7176A6_PRKAG2_LNCaP,BRD-EA7176A6,VPC17005,PRECOMPUTED,PRKAG2,down,-0.261358197
BRD-EA7176A6_INSIG1_LNCaP,BRD-EA7176A6,VPC17005,PRECOMPUTED,INSIG1,down,-0.424268534
BRD-EA7176A6_MSRA_LNCaP,BRD-EA7176A6,VPC17005,PRECOMPUTED,MSRA,up,0.373946927
BRD-EA7176A6_SORBS3_LNCaP,BRD-EA7176A6,VPC17005,PRECOMPUTED,SORBS3,up,0.46011092
BRD-EA7176A6_EIF4EBP1_LNCaP,BRD-EA7176A6,VPC17005,PRECOMPUTED,EIF4EBP1,up,0.463737824
BRD-EA7176A6_KAT6A_LNCaP,BRD-EA7176A6,VPC17005,PRECOMPUTED,KAT6A,down,-0.270888654
BRD-EA7176A6_CEBPD_LNCaP,BRD-EA7176A6,VPC17005,PRECOMPUTED,CEBPD,down,-0.254942055
BRD-EA7176A6_MTFR1_LNCaP,BRD-EA7176A6,VPC17005,PRECOMPUTED,MTFR1,down,-0.271293543
BRD-EA7176A6_TRIB1_LNCaP,BRD-EA7176A6,VPC17005,PRECOMPUTED,TRIB1,up,0.270856549
BRD-EA7176A6_TSTA3_LNCaP,BRD-EA7176A6,VPC17005,PRECOMPUTED,TSTA3,up,0.345230349
BRD-EA7176A6_EXOSC4_LNCaP,BRD-EA7176A6,VPC17005,PRECOMPUTED,EXOSC4,up,0.340854719
BRD-EA7176A6_VPS28_LNCaP,BRD-EA7176A6,VPC17005,PRECOMPUTED,VPS28,up,0.33181757
BRD-EA7176A6_KLHL9_LNCaP,BRD-EA7176A6,VPC17005,PRECOMPUTED,KLHL9,down,-0.293048579
BRD-EA7176A6_SYK_LNCaP,BRD-EA7176A6,VPC17005,PRECOMPUTED,SYK,down,-1.002878546
BRD-EA7176A6_C5_LNCaP,BRD-EA7176A6,VPC17005,PRECOMPUTED,C5,up,0.549093584
BRD-EA7176A6_FPGS_LNCaP,BRD-EA7176A6,VPC17005,PRECOMPUTED,FPGS,up,0.371311239
BRD-EA7176A6_SPTAN1_LNCaP,BRD-EA7176A6,VPC17005,PRECOMPUTED,SPTAN1,up,0.304762175
BRD-EA7176A6_MRPS2_LNCaP,BRD-EA7176A6,VPC17005,PRECOMPUTED,MRPS2,up,0.256297276
BRD-EA7176A6_NPDC1_LNCaP,BRD-EA7176A6,VPC17005,PRECOMPUTED,NPDC1,up,0.43749336
BRD-EA7176A6_YME1L1_LNCaP,BRD-EA7176A6,VPC17005,PRECOMPUTED,YME1L1,down,-0.417660398
BRD-EA7176A6_BAMBI_LNCaP,BRD-EA7176A6,VPC17005,PRECOMPUTED,BAMBI,up,0.528320021
BRD-EA7176A6_CDK1_LNCaP,BRD-EA7176A6,VPC17005,PRECOMPUTED,CDK1,up,0.304909547
BRD-EA7176A6_ARID5B_LNCaP,BRD-EA7176A6,VPC17005,PRECOMPUTED,ARID5B,down,-0.34627362
BRD-EA7176A6_PCBD1_LNCaP,BRD-EA7176A6,VPC17005,PRECOMPUTED,PCBD1,up,0.260921564
BRD-EA7176A6_ZMIZ1_LNCaP,BRD-EA7176A6,VPC17005,PRECOMPUTED,ZMIZ1,down,-0.259639604
BRD-EA7176A6_FAS_LNCaP,BRD-EA7176A6,VPC17005,PRECOMPUTED,FAS,up,0.256684752
BRD-EA7176A6_IDE_LNCaP,BRD-EA7176A6,VPC17005,PRECOMPUTED,IDE,down,-0.266474965
BRD-EA7176A6_TM9SF3_LNCaP,BRD-EA7176A6,VPC17005,PRECOMPUTED,TM9SF3,down,-0.361352084
BRD-EA7176A6_ZDHHC6_LNCaP,BRD-EA7176A6,VPC17005,PRECOMPUTED,ZDHHC6,down,-0.362831748
BRD-EA7176A6_RNH1_LNCaP,BRD-EA7176A6,VPC17005,PRECOMPUTED,RNH1,up,0.304066241
BRD-EA7176A6_CTSD_LNCaP,BRD-EA7176A6,VPC17005,PRECOMPUTED,CTSD,up,0.49206361
BRD-EA7176A6_CD44_LNCaP,BRD-EA7176A6,VPC17005,PRECOMPUTED,CD44,down,-0.429596669
BRD-EA7176A6_DDB2_LNCaP,BRD-EA7176A6,VPC17005,PRECOMPUTED,DDB2,up,0.389913924
BRD-EA7176A6_UBE2L6_LNCaP,BRD-EA7176A6,VPC17005,PRECOMPUTED,UBE2L6,up,0.328667378
BRD-EA7176A6_EML3_LNCaP,BRD-EA7176A6,VPC17005,PRECOMPUTED,EML3,up,0.302814479
BRD-EA7176A6_BAD_LNCaP,BRD-EA7176A6,VPC17005,PRECOMPUTED,BAD,up,0.345333693
BRD-EA7176A6_CAPN1_LNCaP,BRD-EA7176A6,VPC17005,PRECOMPUTED,CAPN1,up,0.334238626
BRD-EA7176A6_CCDC85B_LNCaP,BRD-EA7176A6,VPC17005,PRECOMPUTED,CCDC85B,up,0.422223308
BRD-EA7176A6_FOSL1_LNCaP,BRD-EA7176A6,VPC17005,PRECOMPUTED,FOSL1,up,0.334730256
BRD-EA7176A6_B4GAT1_LNCaP,BRD-EA7176A6,VPC17005,PRECOMPUTED,B4GAT1,up,0.25705471
BRD-EA7176A6_RAD9A_LNCaP,BRD-EA7176A6,VPC17005,PRECOMPUTED,RAD9A,up,0.298318835
BRD-EA7176A6_POLD4_LNCaP,BRD-EA7176A6,VPC17005,PRECOMPUTED,POLD4,up,0.445991161
BRD-EA7176A6_CCND1_LNCaP,BRD-EA7176A6,VPC17005,PRECOMPUTED,CCND1,down,-0.275241769
BRD-EA7176A6_SLC35F2_LNCaP,BRD-EA7176A6,VPC17005,PRECOMPUTED,SLC35F2,down,-0.64256041
BRD-EA7176A6_DDX10_LNCaP,BRD-EA7176A6,VPC17005,PRECOMPUTED,DDX10,down,-0.393593256
BRD-EA7176A6_SLC37A4_LNCaP,BRD-EA7176A6,VPC17005,PRECOMPUTED,SLC37A4,up,0.322456279
BRD-EA7176A6_C2CD2L_LNCaP,BRD-EA7176A6,VPC17005,PRECOMPUTED,C2CD2L,up,0.313074851
BRD-EA7176A6_GAPDH_LNCaP,BRD-EA7176A6,VPC17005,PRECOMPUTED,GAPDH,up,0.361615466
BRD-EA7176A6_DNM1L_LNCaP,BRD-EA7176A6,VPC17005,PRECOMPUTED,DNM1L,down,-0.633592422
BRD-EA7176A6_DUSP6_LNCaP,BRD-EA7176A6,VPC17005,PRECOMPUTED,DUSP6,up,0.355805025
BRD-EA7176A6_SOCS2_LNCaP,BRD-EA7176A6,VPC17005,PRECOMPUTED,SOCS2,down,-0.760734703
BRD-EA7176A6_WASHC4_LNCaP,BRD-EA7176A6,VPC17005,PRECOMPUTED,WASHC4,up,0.327887614
BRD-EA7176A6_CCDC92_LNCaP,BRD-EA7176A6,VPC17005,PRECOMPUTED,CCDC92,up,0.281090478
BRD-EA7176A6_SCARB1_LNCaP,BRD-EA7176A6,VPC17005,PRECOMPUTED,SCARB1,up,0.313640046
BRD-EA7176A6_ZMYM2_LNCaP,BRD-EA7176A6,VPC17005,PRECOMPUTED,ZMYM2,down,-0.336407188
BRD-EA7176A6_CCNA1_LNCaP,BRD-EA7176A6,VPC17005,PRECOMPUTED,CCNA1,up,0.995386583
BRD-EA7176A6_DNAJC15_LNCaP,BRD-EA7176A6,VPC17005,PRECOMPUTED,DNAJC15,down,-0.278643865
BRD-EA7176A6_TRIM13_LNCaP,BRD-EA7176A6,VPC17005,PRECOMPUTED,TRIM13,down,-0.345970298
BRD-EA7176A6_MYCBP2_LNCaP,BRD-EA7176A6,VPC17005,PRECOMPUTED,MYCBP2,down,-0.313075156
BRD-EA7176A6_MBNL2_LNCaP,BRD-EA7176A6,VPC17005,PRECOMPUTED,MBNL2,up,0.325290893
BRD-EA7176A6_COL4A1_LNCaP,BRD-EA7176A6,VPC17005,PRECOMPUTED,COL4A1,down,-2.397494507
BRD-EA7176A6_ABHD4_LNCaP,BRD-EA7176A6,VPC17005,PRECOMPUTED,ABHD4,up,0.250115878
BRD-EA7176A6_OXA1L_LNCaP,BRD-EA7176A6,VPC17005,PRECOMPUTED,OXA1L,up,0.265558145
BRD-EA7176A6_LRP10_LNCaP,BRD-EA7176A6,VPC17005,PRECOMPUTED,LRP10,up,0.389922733
BRD-EA7176A6_PCK2_LNCaP,BRD-EA7176A6,VPC17005,PRECOMPUTED,PCK2,up,0.480419201
BRD-EA7176A6_PSME1_LNCaP,BRD-EA7176A6,VPC17005,PRECOMPUTED,PSME1,up,0.300204422
BRD-EA7176A6_NFKBIA_LNCaP,BRD-EA7176A6,VPC17005,PRECOMPUTED,NFKBIA,down,-0.47657187
BRD-EA7176A6_ERO1A_LNCaP,BRD-EA7176A6,VPC17005,PRECOMPUTED,ERO1A,down,-0.306809534
BRD-EA7176A6_BMP4_LNCaP,BRD-EA7176A6,VPC17005,PRECOMPUTED,BMP4,up,0.597769864
BRD-EA7176A6_HIF1A_LNCaP,BRD-EA7176A6,VPC17005,PRECOMPUTED,HIF1A,down,-0.315013203
BRD-EA7176A6_TGFB3_LNCaP,BRD-EA7176A6,VPC17005,PRECOMPUTED,TGFB3,up,0.745859623
BRD-EA7176A6_GSTZ1_LNCaP,BRD-EA7176A6,VPC17005,PRECOMPUTED,GSTZ1,up,0.307641177
BRD-EA7176A6_EVL_LNCaP,BRD-EA7176A6,VPC17005,PRECOMPUTED,EVL,up,0.340001111
BRD-EA7176A6_EIF5_LNCaP,BRD-EA7176A6,VPC17005,PRECOMPUTED,EIF5,down,-0.32220572
BRD-EA7176A6_AKT1_LNCaP,BRD-EA7176A6,VPC17005,PRECOMPUTED,AKT1,up,0.316949497
BRD-EA7176A6_PAK6_LNCaP,BRD-EA7176A6,VPC17005,PRECOMPUTED,PAK6,down,-1.443152307
BRD-EA7176A6_GABPB1_LNCaP,BRD-EA7176A6,VPC17005,PRECOMPUTED,GABPB1,down,-0.335328221
BRD-EA7176A6_RAB27A_LNCaP,BRD-EA7176A6,VPC17005,PRECOMPUTED,RAB27A,down,-0.6252012
BRD-EA7176A6_TPM1_LNCaP,BRD-EA7176A6,VPC17005,PRECOMPUTED,TPM1,down,-0.301882457
BRD-EA7176A6_CLPX_LNCaP,BRD-EA7176A6,VPC17005,PRECOMPUTED,CLPX,down,-0.364401613
BRD-EA7176A6_HACD3_LNCaP,BRD-EA7176A6,VPC17005,PRECOMPUTED,HACD3,down,-0.400253478
BRD-EA7176A6_LOXL1_LNCaP,BRD-EA7176A6,VPC17005,PRECOMPUTED,LOXL1,up,0.593285631
BRD-EA7176A6_FAH_LNCaP,BRD-EA7176A6,VPC17005,PRECOMPUTED,FAH,up,0.416882545
BRD-EA7176A6_IGF1R_LNCaP,BRD-EA7176A6,VPC17005,PRECOMPUTED,IGF1R,down,-0.615259628
BRD-EA7176A6_STUB1_LNCaP,BRD-EA7176A6,VPC17005,PRECOMPUTED,STUB1,up,0.312461433
BRD-EA7176A6_METRN_LNCaP,BRD-EA7176A6,VPC17005,PRECOMPUTED,METRN,up,0.3940443
BRD-EA7176A6_TRAP1_LNCaP,BRD-EA7176A6,VPC17005,PRECOMPUTED,TRAP1,up,0.277886487
BRD-EA7176A6_PLK1_LNCaP,BRD-EA7176A6,VPC17005,PRECOMPUTED,PLK1,up,0.362489311
BRD-EA7176A6_IL4R_LNCaP,BRD-EA7176A6,VPC17005,PRECOMPUTED,IL4R,up,0.381408028
BRD-EA7176A6_MVP_LNCaP,BRD-EA7176A6,VPC17005,PRECOMPUTED,MVP,up,0.271744245
BRD-EA7176A6_ALDOA_LNCaP,BRD-EA7176A6,VPC17005,PRECOMPUTED,ALDOA,up,0.355951789
BRD-EA7176A6_CORO1A_LNCaP,BRD-EA7176A6,VPC17005,PRECOMPUTED,CORO1A,up,0.31063028
BRD-EA7176A6_PHKB_LNCaP,BRD-EA7176A6,VPC17005,PRECOMPUTED,PHKB,down,-0.302990338
BRD-EA7176A6_NUP93_LNCaP,BRD-EA7176A6,VPC17005,PRECOMPUTED,NUP93,up,0.292586276
BRD-EA7176A6_ACD_LNCaP,BRD-EA7176A6,VPC17005,PRECOMPUTED,ACD,up,0.364714332
BRD-EA7176A6_PLA2G15_LNCaP,BRD-EA7176A6,VPC17005,PRECOMPUTED,PLA2G15,up,0.50422523
BRD-EA7176A6_CDH3_LNCaP,BRD-EA7176A6,VPC17005,PRECOMPUTED,CDH3,up,0.43354766
BRD-EA7176A6_TXNL4B_LNCaP,BRD-EA7176A6,VPC17005,PRECOMPUTED,TXNL4B,down,-0.328541844
BRD-EA7176A6_ATMIN_LNCaP,BRD-EA7176A6,VPC17005,PRECOMPUTED,ATMIN,down,-0.448289969
BRD-EA7176A6_CRK_LNCaP,BRD-EA7176A6,VPC17005,PRECOMPUTED,CRK,down,-0.257407215
BRD-EA7176A6_RNF167_LNCaP,BRD-EA7176A6,VPC17005,PRECOMPUTED,RNF167,up,0.276363709
BRD-EA7176A6_PLSCR3_LNCaP,BRD-EA7176A6,VPC17005,PRECOMPUTED,PLSCR3,up,0.260878374
BRD-EA7176A6_EPN2_LNCaP,BRD-EA7176A6,VPC17005,PRECOMPUTED,EPN2,down,-0.283505763
BRD-EA7176A6_CCL2_LNCaP,BRD-EA7176A6,VPC17005,PRECOMPUTED,CCL2,up,1.004152795
BRD-EA7176A6_GRB7_LNCaP,BRD-EA7176A6,VPC17005,PRECOMPUTED,GRB7,up,0.426254617
BRD-EA7176A6_COASY_LNCaP,BRD-EA7176A6,VPC17005,PRECOMPUTED,COASY,up,0.251460192
BRD-EA7176A6_VAT1_LNCaP,BRD-EA7176A6,VPC17005,PRECOMPUTED,VAT1,up,0.330900089
BRD-EA7176A6_GRN_LNCaP,BRD-EA7176A6,VPC17005,PRECOMPUTED,GRN,up,0.410672834
BRD-EA7176A6_SNX11_LNCaP,BRD-EA7176A6,VPC17005,PRECOMPUTED,SNX11,up,0.28245678
BRD-EA7176A6_COL1A1_LNCaP,BRD-EA7176A6,VPC17005,PRECOMPUTED,COL1A1,up,0.328786454
BRD-EA7176A6_CLTC_LNCaP,BRD-EA7176A6,VPC17005,PRECOMPUTED,CLTC,down,-0.317859668
BRD-EA7176A6_APPBP2_LNCaP,BRD-EA7176A6,VPC17005,PRECOMPUTED,APPBP2,down,-0.57379138
BRD-EA7176A6_TBX2_LNCaP,BRD-EA7176A6,VPC17005,PRECOMPUTED,TBX2,up,1.806626139
BRD-EA7176A6_GAA_LNCaP,BRD-EA7176A6,VPC17005,PRECOMPUTED,GAA,up,0.424976667
BRD-EA7176A6_CHMP6_LNCaP,BRD-EA7176A6,VPC17005,PRECOMPUTED,CHMP6,up,0.373964195
BRD-EA7176A6_MRPL12_LNCaP,BRD-EA7176A6,VPC17005,PRECOMPUTED,MRPL12,up,0.335650144
BRD-EA7176A6_PYCR1_LNCaP,BRD-EA7176A6,VPC17005,PRECOMPUTED,PYCR1,up,0.359972684
BRD-EA7176A6_RFNG_LNCaP,BRD-EA7176A6,VPC17005,PRECOMPUTED,RFNG,up,0.32522881
BRD-EA7176A6_USP14_LNCaP,BRD-EA7176A6,VPC17005,PRECOMPUTED,USP14,down,-0.264231958
BRD-EA7176A6_RAB31_LNCaP,BRD-EA7176A6,VPC17005,PRECOMPUTED,RAB31,down,-0.328366008
BRD-EA7176A6_LAMA3_LNCaP,BRD-EA7176A6,VPC17005,PRECOMPUTED,LAMA3,down,-0.286955642
BRD-EA7176A6_DSG2_LNCaP,BRD-EA7176A6,VPC17005,PRECOMPUTED,DSG2,down,-0.300627288
BRD-EA7176A6_ME2_LNCaP,BRD-EA7176A6,VPC17005,PRECOMPUTED,ME2,down,-0.255666961
BRD-EA7176A6_MALT1_LNCaP,BRD-EA7176A6,VPC17005,PRECOMPUTED,MALT1,down,-0.566643379
BRD-EA7176A6_PMAIP1_LNCaP,BRD-EA7176A6,VPC17005,PRECOMPUTED,PMAIP1,down,-0.340014626
BRD-EA7176A6_PLEKHJ1_LNCaP,BRD-EA7176A6,VPC17005,PRECOMPUTED,PLEKHJ1,up,0.26643208
BRD-EA7176A6_GNA15_LNCaP,BRD-EA7176A6,VPC17005,PRECOMPUTED,GNA15,up,1.983917432
BRD-EA7176A6_HMG20B_LNCaP,BRD-EA7176A6,VPC17005,PRECOMPUTED,HMG20B,up,0.307573633
BRD-EA7176A6_FSD1_LNCaP,BRD-EA7176A6,VPC17005,PRECOMPUTED,FSD1,up,0.583693855
BRD-EA7176A6_STAP2_LNCaP,BRD-EA7176A6,VPC17005,PRECOMPUTED,STAP2,up,0.299486916
BRD-EA7176A6_MCOLN1_LNCaP,BRD-EA7176A6,VPC17005,PRECOMPUTED,MCOLN1,up,0.328667355
BRD-EA7176A6_STXBP2_LNCaP,BRD-EA7176A6,VPC17005,PRECOMPUTED,STXBP2,up,0.366905327
BRD-EA7176A6_CD320_LNCaP,BRD-EA7176A6,VPC17005,PRECOMPUTED,CD320,up,0.382200549
BRD-EA7176A6_PIN1_LNCaP,BRD-EA7176A6,VPC17005,PRECOMPUTED,PIN1,up,0.27346618
BRD-EA7176A6_MAN2B1_LNCaP,BRD-EA7176A6,VPC17005,PRECOMPUTED,MAN2B1,up,0.383696998
BRD-EA7176A6_ADGRE5_LNCaP,BRD-EA7176A6,VPC17005,PRECOMPUTED,ADGRE5,up,0.287810394
BRD-EA7176A6_FCHO1_LNCaP,BRD-EA7176A6,VPC17005,PRECOMPUTED,FCHO1,up,0.679529069
BRD-EA7176A6_CEBPA_LNCaP,BRD-EA7176A6,VPC17005,PRECOMPUTED,CEBPA,up,0.264367565
BRD-EA7176A6_KIAA0355_LNCaP,BRD-EA7176A6,VPC17005,PRECOMPUTED,KIAA0355,down,-0.314387081
BRD-EA7176A6_LSR_LNCaP,BRD-EA7176A6,VPC17005,PRECOMPUTED,LSR,up,0.432809249
BRD-EA7176A6_POLR2I_LNCaP,BRD-EA7176A6,VPC17005,PRECOMPUTED,POLR2I,up,0.504059342
BRD-EA7176A6_ECH1_LNCaP,BRD-EA7176A6,VPC17005,PRECOMPUTED,ECH1,up,0.294350137
BRD-EA7176A6_PAK4_LNCaP,BRD-EA7176A6,VPC17005,PRECOMPUTED,PAK4,up,0.32483983
BRD-EA7176A6_PAFAH1B3_LNCaP,BRD-EA7176A6,VPC17005,PRECOMPUTED,PAFAH1B3,up,0.321546128
BRD-EA7176A6_APOE_LNCaP,BRD-EA7176A6,VPC17005,PRECOMPUTED,APOE,up,0.269609523
BRD-EA7176A6_RELB_LNCaP,BRD-EA7176A6,VPC17005,PRECOMPUTED,RELB,up,0.354380215
BRD-EA7176A6_TRAPPC6A_LNCaP,BRD-EA7176A6,VPC17005,PRECOMPUTED,TRAPPC6A,up,0.371485075
BRD-EA7176A6_LIG1_LNCaP,BRD-EA7176A6,VPC17005,PRECOMPUTED,LIG1,up,0.308558602
BRD-EA7176A6_PIH1D1_LNCaP,BRD-EA7176A6,VPC17005,PRECOMPUTED,PIH1D1,up,0.280195715
BRD-EA7176A6_NOSIP_LNCaP,BRD-EA7176A6,VPC17005,PRECOMPUTED,NOSIP,up,0.451336478
BRD-EA7176A6_PNKP_LNCaP,BRD-EA7176A6,VPC17005,PRECOMPUTED,PNKP,up,0.411416718
BRD-EA7176A6_ATF5_LNCaP,BRD-EA7176A6,VPC17005,PRECOMPUTED,ATF5,up,0.278554451
BRD-EA7176A6_NR1H2_LNCaP,BRD-EA7176A6,VPC17005,PRECOMPUTED,NR1H2,up,0.349095741
BRD-EA7176A6_ETFB_LNCaP,BRD-EA7176A6,VPC17005,PRECOMPUTED,ETFB,up,0.371952286
BRD-EA7176A6_MBOAT7_LNCaP,BRD-EA7176A6,VPC17005,PRECOMPUTED,MBOAT7,up,0.388818101
BRD-EA7176A6_RPS5_LNCaP,BRD-EA7176A6,VPC17005,PRECOMPUTED,RPS5,up,0.376940015
BRD-EA7176A6_TRIB3_LNCaP,BRD-EA7176A6,VPC17005,PRECOMPUTED,TRIB3,up,0.330406209
BRD-EA7176A6_CDC25B_LNCaP,BRD-EA7176A6,VPC17005,PRECOMPUTED,CDC25B,up,0.300446967
BRD-EA7176A6_SNAP25_LNCaP,BRD-EA7176A6,VPC17005,PRECOMPUTED,SNAP25,down,-1.832120076
BRD-EA7176A6_SPAG4_LNCaP,BRD-EA7176A6,VPC17005,PRECOMPUTED,SPAG4,up,0.391460528
BRD-EA7176A6_SCAND1_LNCaP,BRD-EA7176A6,VPC17005,PRECOMPUTED,SCAND1,up,0.383803929
BRD-EA7176A6_MYBL2_LNCaP,BRD-EA7176A6,VPC17005,PRECOMPUTED,MYBL2,up,0.499823715
BRD-EA7176A6_PKIG_LNCaP,BRD-EA7176A6,VPC17005,PRECOMPUTED,PKIG,up,0.251665458
BRD-EA7176A6_CD40_LNCaP,BRD-EA7176A6,VPC17005,PRECOMPUTED,CD40,up,2.468010536
BRD-EA7176A6_TCEA2_LNCaP,BRD-EA7176A6,VPC17005,PRECOMPUTED,TCEA2,up,0.39949014
BRD-EA7176A6_TIAM1_LNCaP,BRD-EA7176A6,VPC17005,PRECOMPUTED,TIAM1,down,-0.54769555
BRD-EA7176A6_CBR3_LNCaP,BRD-EA7176A6,VPC17005,PRECOMPUTED,CBR3,up,0.610821805
BRD-EA7176A6_PFKL_LNCaP,BRD-EA7176A6,VPC17005,PRECOMPUTED,PFKL,up,0.344113205
BRD-EA7176A6_RAC2_LNCaP,BRD-EA7176A6,VPC17005,PRECOMPUTED,RAC2,up,2.255969161
BRD-EA7176A6_PRKX_LNCaP,BRD-EA7176A6,VPC17005,PRECOMPUTED,PRKX,down,-0.341885616
BRD-EA7176A6_EBP_LNCaP,BRD-EA7176A6,VPC17005,PRECOMPUTED,EBP,up,0.266657189
BRD-EA7176A6_SUV39H1_LNCaP,BRD-EA7176A6,VPC17005,PRECOMPUTED,SUV39H1,up,0.388143077
BRD-EA7176A6_HDAC6_LNCaP,BRD-EA7176A6,VPC17005,PRECOMPUTED,HDAC6,up,0.292849024
BRD-EA7176A6_TIMM17B_LNCaP,BRD-EA7176A6,VPC17005,PRECOMPUTED,TIMM17B,up,0.391778261
BRD-EA7176A6_PRAF2_LNCaP,BRD-EA7176A6,VPC17005,PRECOMPUTED,PRAF2,up,0.397149873
BRD-EA7176A6_HSD17B10_LNCaP,BRD-EA7176A6,VPC17005,PRECOMPUTED,HSD17B10,up,0.277997045
BRD-EA7176A6_BTK_LNCaP,BRD-EA7176A6,VPC17005,PRECOMPUTED,BTK,down,-1.444139485
BRD-EA7176A6_PSMD10_LNCaP,BRD-EA7176A6,VPC17005,PRECOMPUTED,PSMD10,down,-0.342946239
BRD-EA7176A6_HPRT1_LNCaP,BRD-EA7176A6,VPC17005,PRECOMPUTED,HPRT1,down,-0.303601276
BRD-EA7176A6_MAMLD1_LNCaP,BRD-EA7176A6,VPC17005,PRECOMPUTED,MAMLD1,up,0.722042387
BRD-EA7176A6_LAGE3_LNCaP,BRD-EA7176A6,VPC17005,PRECOMPUTED,LAGE3,up,0.285577212
BRD-52CC8A4E_CLSTN1_LNCaP,BRD-52CC8A4E,VPC14449,PRECOMPUTED,CLSTN1,up,0.327199717
BRD-52CC8A4E_RAP1GAP_LNCaP,BRD-52CC8A4E,VPC14449,PRECOMPUTED,RAP1GAP,up,0.34473432
BRD-52CC8A4E_CDC42_LNCaP,BRD-52CC8A4E,VPC14449,PRECOMPUTED,CDC42,down,-0.695923181
BRD-52CC8A4E_RPS6KA1_LNCaP,BRD-52CC8A4E,VPC14449,PRECOMPUTED,RPS6KA1,up,0.257998104
BRD-52CC8A4E_SFN_LNCaP,BRD-52CC8A4E,VPC14449,PRECOMPUTED,SFN,down,-0.380177329
BRD-52CC8A4E_WDTC1_LNCaP,BRD-52CC8A4E,VPC14449,PRECOMPUTED,WDTC1,up,0.324610934
BRD-52CC8A4E_CRYZ_LNCaP,BRD-52CC8A4E,VPC14449,PRECOMPUTED,CRYZ,down,-0.324075659
BRD-52CC8A4E_HS2ST1_LNCaP,BRD-52CC8A4E,VPC14449,PRECOMPUTED,HS2ST1,down,-0.311102614
BRD-52CC8A4E_FAM69A_LNCaP,BRD-52CC8A4E,VPC14449,PRECOMPUTED,FAM69A,down,-0.766794455
BRD-52CC8A4E_DNTTIP2_LNCaP,BRD-52CC8A4E,VPC14449,PRECOMPUTED,DNTTIP2,down,-0.30756703
BRD-52CC8A4E_VAV3_LNCaP,BRD-52CC8A4E,VPC14449,PRECOMPUTED,VAV3,up,0.633022481
BRD-52CC8A4E_GSTM2_LNCaP,BRD-52CC8A4E,VPC14449,PRECOMPUTED,GSTM2,up,0.951621047
BRD-52CC8A4E_DENND2D_LNCaP,BRD-52CC8A4E,VPC14449,PRECOMPUTED,DENND2D,up,0.657542695
BRD-52CC8A4E_NRAS_LNCaP,BRD-52CC8A4E,VPC14449,PRECOMPUTED,NRAS,down,-0.271220432
BRD-52CC8A4E_PHGDH_LNCaP,BRD-52CC8A4E,VPC14449,PRECOMPUTED,PHGDH,up,0.503682004
BRD-52CC8A4E_MINDY1_LNCaP,BRD-52CC8A4E,VPC14449,PRECOMPUTED,MINDY1,up,0.291724049
BRD-52CC8A4E_S100A4_LNCaP,BRD-52CC8A4E,VPC14449,PRECOMPUTED,S100A4,up,0.597050871
BRD-52CC8A4E_S100A13_LNCaP,BRD-52CC8A4E,VPC14449,PRECOMPUTED,S100A13,up,0.338228473
BRD-52CC8A4E_ARHGEF2_LNCaP,BRD-52CC8A4E,VPC14449,PRECOMPUTED,ARHGEF2,up,0.403929788
BRD-52CC8A4E_PPOX_LNCaP,BRD-52CC8A4E,VPC14449,PRECOMPUTED,PPOX,up,0.267357497
BRD-52CC8A4E_MPZL1_LNCaP,BRD-52CC8A4E,VPC14449,PRECOMPUTED,MPZL1,down,-0.401743101
BRD-52CC8A4E_MPC2_LNCaP,BRD-52CC8A4E,VPC14449,PRECOMPUTED,MPC2,down,-0.379763619
BRD-52CC8A4E_PLA2G4A_LNCaP,BRD-52CC8A4E,VPC14449,PRECOMPUTED,PLA2G4A,down,-1.074723537
BRD-52CC8A4E_RGS2_LNCaP,BRD-52CC8A4E,VPC14449,PRECOMPUTED,RGS2,down,-0.300418995
BRD-52CC8A4E_CAMSAP2_LNCaP,BRD-52CC8A4E,VPC14449,PRECOMPUTED,CAMSAP2,down,-0.26870401
BRD-52CC8A4E_CSRP1_LNCaP,BRD-52CC8A4E,VPC14449,PRECOMPUTED,CSRP1,up,0.304754854
BRD-52CC8A4E_IKBKE_LNCaP,BRD-52CC8A4E,VPC14449,PRECOMPUTED,IKBKE,up,0.265852964
BRD-52CC8A4E_LPGAT1_LNCaP,BRD-52CC8A4E,VPC14449,PRECOMPUTED,LPGAT1,down,-0.250909139
BRD-52CC8A4E_NENF_LNCaP,BRD-52CC8A4E,VPC14449,PRECOMPUTED,NENF,up,0.270265887
BRD-52CC8A4E_LBR_LNCaP,BRD-52CC8A4E,VPC14449,PRECOMPUTED,LBR,down,-0.25924639
BRD-52CC8A4E_RAB4A_LNCaP,BRD-52CC8A4E,VPC14449,PRECOMPUTED,RAB4A,down,-0.472712308
BRD-52CC8A4E_KCNK1_LNCaP,BRD-52CC8A4E,VPC14449,PRECOMPUTED,KCNK1,down,-0.294199699
BRD-52CC8A4E_RBM34_LNCaP,BRD-52CC8A4E,VPC14449,PRECOMPUTED,RBM34,down,-0.253266338
BRD-52CC8A4E_HEATR1_LNCaP,BRD-52CC8A4E,VPC14449,PRECOMPUTED,HEATR1,down,-0.25565432
BRD-52CC8A4E_CEBPZ_LNCaP,BRD-52CC8A4E,VPC14449,PRECOMPUTED,CEBPZ,down,-0.26759204
BRD-52CC8A4E_SLC1A4_LNCaP,BRD-52CC8A4E,VPC14449,PRECOMPUTED,SLC1A4,up,0.388871867
BRD-52CC8A4E_GFPT1_LNCaP,BRD-52CC8A4E,VPC14449,PRECOMPUTED,GFPT1,down,-0.274713746
BRD-52CC8A4E_MAT2A_LNCaP,BRD-52CC8A4E,VPC14449,PRECOMPUTED,MAT2A,down,-0.521943411
BRD-52CC8A4E_TXNDC9_LNCaP,BRD-52CC8A4E,VPC14449,PRECOMPUTED,TXNDC9,down,-0.297839921
BRD-52CC8A4E_FHL2_LNCaP,BRD-52CC8A4E,VPC14449,PRECOMPUTED,FHL2,down,-0.521792811
BRD-52CC8A4E_IL1B_LNCaP,BRD-52CC8A4E,VPC14449,PRECOMPUTED,IL1B,up,0.431978718
BRD-52CC8A4E_GLI2_LNCaP,BRD-52CC8A4E,VPC14449,PRECOMPUTED,GLI2,down,-0.481285528
BRD-52CC8A4E_CXCR4_LNCaP,BRD-52CC8A4E,VPC14449,PRECOMPUTED,CXCR4,down,-1.264835887
BRD-52CC8A4E_KIF5C_LNCaP,BRD-52CC8A4E,VPC14449,PRECOMPUTED,KIF5C,down,-0.465112853
BRD-52CC8A4E_CHN1_LNCaP,BRD-52CC8A4E,VPC14449,PRECOMPUTED,CHN1,down,-0.431679712
BRD-52CC8A4E_CASP10_LNCaP,BRD-52CC8A4E,VPC14449,PRECOMPUTED,CASP10,down,-0.492752188
BRD-52CC8A4E_FZD7_LNCaP,BRD-52CC8A4E,VPC14449,PRECOMPUTED,FZD7,up,0.39487437
BRD-52CC8A4E_ARL4C_LNCaP,BRD-52CC8A4E,VPC14449,PRECOMPUTED,ARL4C,down,-0.414218085
BRD-52CC8A4E_GPC1_LNCaP,BRD-52CC8A4E,VPC14449,PRECOMPUTED,GPC1,up,0.267526365
BRD-52CC8A4E_BHLHE40_LNCaP,BRD-52CC8A4E,VPC14449,PRECOMPUTED,BHLHE40,down,-0.416956462
BRD-52CC8A4E_EDEM1_LNCaP,BRD-52CC8A4E,VPC14449,PRECOMPUTED,EDEM1,down,-0.448392113
BRD-52CC8A4E_PPARG_LNCaP,BRD-52CC8A4E,VPC14449,PRECOMPUTED,PPARG,up,0.272474226
BRD-52CC8A4E_SATB1_LNCaP,BRD-52CC8A4E,VPC14449,PRECOMPUTED,SATB1,up,0.437294019
BRD-52CC8A4E_TGFBR2_LNCaP,BRD-52CC8A4E,VPC14449,PRECOMPUTED,TGFBR2,down,-0.538941117
BRD-52CC8A4E_CRTAP_LNCaP,BRD-52CC8A4E,VPC14449,PRECOMPUTED,CRTAP,up,0.257883095
BRD-52CC8A4E_OXSR1_LNCaP,BRD-52CC8A4E,VPC14449,PRECOMPUTED,OXSR1,down,-0.296443548
BRD-52CC8A4E_SACM1L_LNCaP,BRD-52CC8A4E,VPC14449,PRECOMPUTED,SACM1L,down,-0.338547296
BRD-52CC8A4E_CDC25A_LNCaP,BRD-52CC8A4E,VPC14449,PRECOMPUTED,CDC25A,down,-0.346723586
BRD-52CC8A4E_ZNF589_LNCaP,BRD-52CC8A4E,VPC14449,PRECOMPUTED,ZNF589,down,-0.292988648
BRD-52CC8A4E_P4HTM_LNCaP,BRD-52CC8A4E,VPC14449,PRECOMPUTED,P4HTM,up,0.314827464
BRD-52CC8A4E_MAPKAPK3_LNCaP,BRD-52CC8A4E,VPC14449,PRECOMPUTED,MAPKAPK3,up,0.363754159
BRD-52CC8A4E_ALAS1_LNCaP,BRD-52CC8A4E,VPC14449,PRECOMPUTED,ALAS1,up,0.280193339
BRD-52CC8A4E_TWF2_LNCaP,BRD-52CC8A4E,VPC14449,PRECOMPUTED,TWF2,up,0.256423938
BRD-52CC8A4E_NT5DC2_LNCaP,BRD-52CC8A4E,VPC14449,PRECOMPUTED,NT5DC2,up,0.387068643
BRD-52CC8A4E_EPHA3_LNCaP,BRD-52CC8A4E,VPC14449,PRECOMPUTED,EPHA3,down,-0.281702214
BRD-52CC8A4E_GATA2_LNCaP,BRD-52CC8A4E,VPC14449,PRECOMPUTED,GATA2,up,0.360701316
BRD-52CC8A4E_PLS1_LNCaP,BRD-52CC8A4E,VPC14449,PRECOMPUTED,PLS1,down,-0.332420993
BRD-52CC8A4E_TIPARP_LNCaP,BRD-52CC8A4E,VPC14449,PRECOMPUTED,TIPARP,down,-1.461017854
BRD-52CC8A4E_SOX2_LNCaP,BRD-52CC8A4E,VPC14449,PRECOMPUTED,SOX2,down,-0.896077166
BRD-52CC8A4E_HES1_LNCaP,BRD-52CC8A4E,VPC14449,PRECOMPUTED,HES1,down,-0.478494311
BRD-52CC8A4E_MFSD10_LNCaP,BRD-52CC8A4E,VPC14449,PRECOMPUTED,MFSD10,up,0.280611439
BRD-52CC8A4E_UGDH_LNCaP,BRD-52CC8A4E,VPC14449,PRECOMPUTED,UGDH,down,-0.29916504
BRD-52CC8A4E_PDS5A_LNCaP,BRD-52CC8A4E,VPC14449,PRECOMPUTED,PDS5A,down,-0.310665715
BRD-52CC8A4E_KIT_LNCaP,BRD-52CC8A4E,VPC14449,PRECOMPUTED,KIT,up,1.027473016
BRD-52CC8A4E_NUDT9_LNCaP,BRD-52CC8A4E,VPC14449,PRECOMPUTED,NUDT9,down,-0.339975771
BRD-52CC8A4E_HERC6_LNCaP,BRD-52CC8A4E,VPC14449,PRECOMPUTED,HERC6,down,-0.436739432
BRD-52CC8A4E_CENPE_LNCaP,BRD-52CC8A4E,VPC14449,PRECOMPUTED,CENPE,up,0.952539576
BRD-52CC8A4E_INPP4B_LNCaP,BRD-52CC8A4E,VPC14449,PRECOMPUTED,INPP4B,down,-0.702198964
BRD-52CC8A4E_TRIM2_LNCaP,BRD-52CC8A4E,VPC14449,PRECOMPUTED,TRIM2,down,-0.2774403
BRD-52CC8A4E_CASP3_LNCaP,BRD-52CC8A4E,VPC14449,PRECOMPUTED,CASP3,down,-0.269420933
BRD-52CC8A4E_FAT1_LNCaP,BRD-52CC8A4E,VPC14449,PRECOMPUTED,FAT1,down,-0.452820529
BRD-52CC8A4E_TERT_LNCaP,BRD-52CC8A4E,VPC14449,PRECOMPUTED,TERT,up,0.365063105
BRD-52CC8A4E_RAI14_LNCaP,BRD-52CC8A4E,VPC14449,PRECOMPUTED,RAI14,down,-0.421442258
BRD-52CC8A4E_GHR_LNCaP,BRD-52CC8A4E,VPC14449,PRECOMPUTED,GHR,down,-0.505574183
BRD-52CC8A4E_HMGCS1_LNCaP,BRD-52CC8A4E,VPC14449,PRECOMPUTED,HMGCS1,down,-0.463096243
BRD-52CC8A4E_NNT_LNCaP,BRD-52CC8A4E,VPC14449,PRECOMPUTED,NNT,down,-1.649920003
BRD-52CC8A4E_HMGCR_LNCaP,BRD-52CC8A4E,VPC14449,PRECOMPUTED,HMGCR,down,-0.537368649
BRD-52CC8A4E_ALDH7A1_LNCaP,BRD-52CC8A4E,VPC14449,PRECOMPUTED,ALDH7A1,up,1.027486789
BRD-52CC8A4E_HSPA4_LNCaP,BRD-52CC8A4E,VPC14449,PRECOMPUTED,HSPA4,down,-0.285297185
BRD-52CC8A4E_NR3C1_LNCaP,BRD-52CC8A4E,VPC14449,PRECOMPUTED,NR3C1,up,0.642256827
BRD-52CC8A4E_CSNK1A1_LNCaP,BRD-52CC8A4E,VPC14449,PRECOMPUTED,CSNK1A1,down,-0.460448329
BRD-52CC8A4E_TNIP1_LNCaP,BRD-52CC8A4E,VPC14449,PRECOMPUTED,TNIP1,up,0.318508273
BRD-52CC8A4E_G3BP1_LNCaP,BRD-52CC8A4E,VPC14449,PRECOMPUTED,G3BP1,down,-0.358244227
BRD-52CC8A4E_FGFR4_LNCaP,BRD-52CC8A4E,VPC14449,PRECOMPUTED,FGFR4,up,0.432945359
BRD-52CC8A4E_PRR7_LNCaP,BRD-52CC8A4E,VPC14449,PRECOMPUTED,PRR7,up,0.286458413
BRD-52CC8A4E_SQSTM1_LNCaP,BRD-52CC8A4E,VPC14449,PRECOMPUTED,SQSTM1,up,0.427537905
BRD-52CC8A4E_EDN1_LNCaP,BRD-52CC8A4E,VPC14449,PRECOMPUTED,EDN1,down,-0.348845883
BRD-52CC8A4E_CARMIL1_LNCaP,BRD-52CC8A4E,VPC14449,PRECOMPUTED,CARMIL1,down,-0.645558302
BRD-52CC8A4E_IER3_LNCaP,BRD-52CC8A4E,VPC14449,PRECOMPUTED,IER3,down,-1.356614743
BRD-52CC8A4E_HLA-DRA_LNCaP,BRD-52CC8A4E,VPC14449,PRECOMPUTED,HLA-DRA,down,-0.925855132
BRD-52CC8A4E_PSMB8_LNCaP,BRD-52CC8A4E,VPC14449,PRECOMPUTED,PSMB8,up,0.709978021
BRD-52CC8A4E_SPDEF_LNCaP,BRD-52CC8A4E,VPC14449,PRECOMPUTED,SPDEF,down,-0.325658139
BRD-52CC8A4E_SLC35A1_LNCaP,BRD-52CC8A4E,VPC14449,PRECOMPUTED,SLC35A1,down,-0.484460843
BRD-52CC8A4E_UBE2J1_LNCaP,BRD-52CC8A4E,VPC14449,PRECOMPUTED,UBE2J1,down,-0.456687934
BRD-52CC8A4E_ASCC3_LNCaP,BRD-52CC8A4E,VPC14449,PRECOMPUTED,ASCC3,down,-0.476749104
BRD-52CC8A4E_FOXO3_LNCaP,BRD-52CC8A4E,VPC14449,PRECOMPUTED,FOXO3,down,-0.326668385
BRD-52CC8A4E_FYN_LNCaP,BRD-52CC8A4E,VPC14449,PRECOMPUTED,FYN,up,0.723401652
BRD-52CC8A4E_HDAC2_LNCaP,BRD-52CC8A4E,VPC14449,PRECOMPUTED,HDAC2,down,-0.321559051
BRD-52CC8A4E_GPER1_LNCaP,BRD-52CC8A4E,VPC14449,PRECOMPUTED,GPER1,up,0.762639415
BRD-52CC8A4E_SNX13_LNCaP,BRD-52CC8A4E,VPC14449,PRECOMPUTED,SNX13,down,-0.262205383
BRD-52CC8A4E_CYCS_LNCaP,BRD-52CC8A4E,VPC14449,PRECOMPUTED,CYCS,down,-0.25556948
BRD-52CC8A4E_FKBP14_LNCaP,BRD-52CC8A4E,VPC14449,PRECOMPUTED,FKBP14,down,-0.607781692
BRD-52CC8A4E_IGFBP3_LNCaP,BRD-52CC8A4E,VPC14449,PRECOMPUTED,IGFBP3,down,-0.668009268
BRD-52CC8A4E_GRB10_LNCaP,BRD-52CC8A4E,VPC14449,PRECOMPUTED,GRB10,up,0.549390651
BRD-52CC8A4E_EGFR_LNCaP,BRD-52CC8A4E,VPC14449,PRECOMPUTED,EGFR,down,-0.451617034
BRD-52CC8A4E_FZD1_LNCaP,BRD-52CC8A4E,VPC14449,PRECOMPUTED,FZD1,down,-0.255496915
BRD-52CC8A4E_CDK6_LNCaP,BRD-52CC8A4E,VPC14449,PRECOMPUTED,CDK6,down,-0.675718581
BRD-52CC8A4E_CALU_LNCaP,BRD-52CC8A4E,VPC14449,PRECOMPUTED,CALU,down,-0.307147248
BRD-52CC8A4E_NOS3_LNCaP,BRD-52CC8A4E,VPC14449,PRECOMPUTED,NOS3,up,0.367297317
BRD-52CC8A4E_PRKAG2_LNCaP,BRD-52CC8A4E,VPC14449,PRECOMPUTED,PRKAG2,down,-0.276592563
BRD-52CC8A4E_INSIG1_LNCaP,BRD-52CC8A4E,VPC14449,PRECOMPUTED,INSIG1,down,-0.390701285
BRD-52CC8A4E_DNAJB6_LNCaP,BRD-52CC8A4E,VPC14449,PRECOMPUTED,DNAJB6,down,-0.325056555
BRD-52CC8A4E_MSRA_LNCaP,BRD-52CC8A4E,VPC14449,PRECOMPUTED,MSRA,up,0.447407429
BRD-52CC8A4E_SORBS3_LNCaP,BRD-52CC8A4E,VPC14449,PRECOMPUTED,SORBS3,up,0.50416063
BRD-52CC8A4E_GTF2E2_LNCaP,BRD-52CC8A4E,VPC14449,PRECOMPUTED,GTF2E2,down,-0.252918546
BRD-52CC8A4E_EIF4EBP1_LNCaP,BRD-52CC8A4E,VPC14449,PRECOMPUTED,EIF4EBP1,up,0.431545554
BRD-52CC8A4E_CEBPD_LNCaP,BRD-52CC8A4E,VPC14449,PRECOMPUTED,CEBPD,down,-0.273508936
BRD-52CC8A4E_LYPLA1_LNCaP,BRD-52CC8A4E,VPC14449,PRECOMPUTED,LYPLA1,down,-0.250455489
BRD-52CC8A4E_MTFR1_LNCaP,BRD-52CC8A4E,VPC14449,PRECOMPUTED,MTFR1,down,-0.28948993
BRD-52CC8A4E_CCNE2_LNCaP,BRD-52CC8A4E,VPC14449,PRECOMPUTED,CCNE2,down,-0.35793416
BRD-52CC8A4E_POLR2K_LNCaP,BRD-52CC8A4E,VPC14449,PRECOMPUTED,POLR2K,down,-0.261705024
BRD-52CC8A4E_TRIB1_LNCaP,BRD-52CC8A4E,VPC14449,PRECOMPUTED,TRIB1,up,0.307192728
BRD-52CC8A4E_TSTA3_LNCaP,BRD-52CC8A4E,VPC14449,PRECOMPUTED,TSTA3,up,0.294944418
BRD-52CC8A4E_VPS28_LNCaP,BRD-52CC8A4E,VPC14449,PRECOMPUTED,VPS28,up,0.316129036
BRD-52CC8A4E_KLHL9_LNCaP,BRD-52CC8A4E,VPC14449,PRECOMPUTED,KLHL9,down,-0.310571547
BRD-52CC8A4E_SYK_LNCaP,BRD-52CC8A4E,VPC14449,PRECOMPUTED,SYK,down,-0.939353174
BRD-52CC8A4E_C5_LNCaP,BRD-52CC8A4E,VPC14449,PRECOMPUTED,C5,down,-0.479967333
BRD-52CC8A4E_FPGS_LNCaP,BRD-52CC8A4E,VPC14449,PRECOMPUTED,FPGS,up,0.320741629
BRD-52CC8A4E_SPTAN1_LNCaP,BRD-52CC8A4E,VPC14449,PRECOMPUTED,SPTAN1,up,0.388310347
BRD-52CC8A4E_NPDC1_LNCaP,BRD-52CC8A4E,VPC14449,PRECOMPUTED,NPDC1,up,0.414359428
BRD-52CC8A4E_YME1L1_LNCaP,BRD-52CC8A4E,VPC14449,PRECOMPUTED,YME1L1,down,-0.28019824
BRD-52CC8A4E_BAMBI_LNCaP,BRD-52CC8A4E,VPC14449,PRECOMPUTED,BAMBI,up,0.577506788
BRD-52CC8A4E_ARID5B_LNCaP,BRD-52CC8A4E,VPC14449,PRECOMPUTED,ARID5B,down,-0.394180778
BRD-52CC8A4E_ZMIZ1_LNCaP,BRD-52CC8A4E,VPC14449,PRECOMPUTED,ZMIZ1,down,-0.317414937
BRD-52CC8A4E_FAS_LNCaP,BRD-52CC8A4E,VPC14449,PRECOMPUTED,FAS,up,0.321116522
BRD-52CC8A4E_IDE_LNCaP,BRD-52CC8A4E,VPC14449,PRECOMPUTED,IDE,down,-0.340050166
BRD-52CC8A4E_TM9SF3_LNCaP,BRD-52CC8A4E,VPC14449,PRECOMPUTED,TM9SF3,down,-0.384672887
BRD-52CC8A4E_ZDHHC6_LNCaP,BRD-52CC8A4E,VPC14449,PRECOMPUTED,ZDHHC6,down,-0.309279577
BRD-52CC8A4E_TSPAN4_LNCaP,BRD-52CC8A4E,VPC14449,PRECOMPUTED,TSPAN4,up,0.259179838
BRD-52CC8A4E_CTSD_LNCaP,BRD-52CC8A4E,VPC14449,PRECOMPUTED,CTSD,up,0.467364718
BRD-52CC8A4E_ILK_LNCaP,BRD-52CC8A4E,VPC14449,PRECOMPUTED,ILK,up,0.299882699
BRD-52CC8A4E_CD44_LNCaP,BRD-52CC8A4E,VPC14449,PRECOMPUTED,CD44,down,-1.828923479
BRD-52CC8A4E_ARHGAP1_LNCaP,BRD-52CC8A4E,VPC14449,PRECOMPUTED,ARHGAP1,up,0.307394399
BRD-52CC8A4E_DDB2_LNCaP,BRD-52CC8A4E,VPC14449,PRECOMPUTED,DDB2,up,0.440993471
BRD-52CC8A4E_UBE2L6_LNCaP,BRD-52CC8A4E,VPC14449,PRECOMPUTED,UBE2L6,up,0.442454108
BRD-52CC8A4E_BAD_LNCaP,BRD-52CC8A4E,VPC14449,PRECOMPUTED,BAD,up,0.250446924
BRD-52CC8A4E_CAPN1_LNCaP,BRD-52CC8A4E,VPC14449,PRECOMPUTED,CAPN1,up,0.361524328
BRD-52CC8A4E_CCDC85B_LNCaP,BRD-52CC8A4E,VPC14449,PRECOMPUTED,CCDC85B,up,0.34043576
BRD-52CC8A4E_FOSL1_LNCaP,BRD-52CC8A4E,VPC14449,PRECOMPUTED,FOSL1,up,0.578184922
BRD-52CC8A4E_POLD4_LNCaP,BRD-52CC8A4E,VPC14449,PRECOMPUTED,POLD4,up,0.390540429
BRD-52CC8A4E_CCND1_LNCaP,BRD-52CC8A4E,VPC14449,PRECOMPUTED,CCND1,down,-0.286278661
BRD-52CC8A4E_SLC35F2_LNCaP,BRD-52CC8A4E,VPC14449,PRECOMPUTED,SLC35F2,down,-0.739799332
BRD-52CC8A4E_DDX10_LNCaP,BRD-52CC8A4E,VPC14449,PRECOMPUTED,DDX10,down,-0.373663307
BRD-52CC8A4E_ZW10_LNCaP,BRD-52CC8A4E,VPC14449,PRECOMPUTED,ZW10,down,-0.265146996
BRD-52CC8A4E_NCAPD2_LNCaP,BRD-52CC8A4E,VPC14449,PRECOMPUTED,NCAPD2,up,0.329625151
BRD-52CC8A4E_GAPDH_LNCaP,BRD-52CC8A4E,VPC14449,PRECOMPUTED,GAPDH,up,0.37006995
BRD-52CC8A4E_DNM1L_LNCaP,BRD-52CC8A4E,VPC14449,PRECOMPUTED,DNM1L,down,-0.71819929
BRD-52CC8A4E_SOCS2_LNCaP,BRD-52CC8A4E,VPC14449,PRECOMPUTED,SOCS2,down,-0.782720469
BRD-52CC8A4E_CCDC92_LNCaP,BRD-52CC8A4E,VPC14449,PRECOMPUTED,CCDC92,up,0.288043548
BRD-52CC8A4E_ZMYM2_LNCaP,BRD-52CC8A4E,VPC14449,PRECOMPUTED,ZMYM2,down,-0.311046283
BRD-52CC8A4E_CCNA1_LNCaP,BRD-52CC8A4E,VPC14449,PRECOMPUTED,CCNA1,up,1.027482388
BRD-52CC8A4E_TRIM13_LNCaP,BRD-52CC8A4E,VPC14449,PRECOMPUTED,TRIM13,down,-0.383306366
BRD-52CC8A4E_MYCBP2_LNCaP,BRD-52CC8A4E,VPC14449,PRECOMPUTED,MYCBP2,down,-0.320972537
BRD-52CC8A4E_MBNL2_LNCaP,BRD-52CC8A4E,VPC14449,PRECOMPUTED,MBNL2,up,0.381864782
BRD-52CC8A4E_COL4A1_LNCaP,BRD-52CC8A4E,VPC14449,PRECOMPUTED,COL4A1,down,-2.365398951
BRD-52CC8A4E_OXA1L_LNCaP,BRD-52CC8A4E,VPC14449,PRECOMPUTED,OXA1L,up,0.310383385
BRD-52CC8A4E_LRP10_LNCaP,BRD-52CC8A4E,VPC14449,PRECOMPUTED,LRP10,up,0.373260026
BRD-52CC8A4E_PCK2_LNCaP,BRD-52CC8A4E,VPC14449,PRECOMPUTED,PCK2,up,0.538757865
BRD-52CC8A4E_PSME1_LNCaP,BRD-52CC8A4E,VPC14449,PRECOMPUTED,PSME1,up,0.255364468
BRD-52CC8A4E_CHMP4A_LNCaP,BRD-52CC8A4E,VPC14449,PRECOMPUTED,CHMP4A,down,-0.330502656
BRD-52CC8A4E_NFATC4_LNCaP,BRD-52CC8A4E,VPC14449,PRECOMPUTED,NFATC4,up,0.536749587
BRD-52CC8A4E_NFKBIA_LNCaP,BRD-52CC8A4E,VPC14449,PRECOMPUTED,NFKBIA,down,-0.604127536
BRD-52CC8A4E_ERO1A_LNCaP,BRD-52CC8A4E,VPC14449,PRECOMPUTED,ERO1A,down,-0.34928765
BRD-52CC8A4E_BMP4_LNCaP,BRD-52CC8A4E,VPC14449,PRECOMPUTED,BMP4,up,0.74864918
BRD-52CC8A4E_HIF1A_LNCaP,BRD-52CC8A4E,VPC14449,PRECOMPUTED,HIF1A,down,-0.262527873
BRD-52CC8A4E_FOS_LNCaP,BRD-52CC8A4E,VPC14449,PRECOMPUTED,FOS,down,-0.709176009
BRD-52CC8A4E_TGFB3_LNCaP,BRD-52CC8A4E,VPC14449,PRECOMPUTED,TGFB3,up,0.628153644
BRD-52CC8A4E_GSTZ1_LNCaP,BRD-52CC8A4E,VPC14449,PRECOMPUTED,GSTZ1,up,0.323017152
BRD-52CC8A4E_EVL_LNCaP,BRD-52CC8A4E,VPC14449,PRECOMPUTED,EVL,up,0.279457417
BRD-52CC8A4E_EIF5_LNCaP,BRD-52CC8A4E,VPC14449,PRECOMPUTED,EIF5,down,-0.40511797
BRD-52CC8A4E_PAK6_LNCaP,BRD-52CC8A4E,VPC14449,PRECOMPUTED,PAK6,down,-0.5150964
BRD-52CC8A4E_CHAC1_LNCaP,BRD-52CC8A4E,VPC14449,PRECOMPUTED,CHAC1,up,0.684478019
BRD-52CC8A4E_GABPB1_LNCaP,BRD-52CC8A4E,VPC14449,PRECOMPUTED,GABPB1,down,-0.421305447
BRD-52CC8A4E_ARPP19_LNCaP,BRD-52CC8A4E,VPC14449,PRECOMPUTED,ARPP19,down,-0.279331005
BRD-52CC8A4E_RAB27A_LNCaP,BRD-52CC8A4E,VPC14449,PRECOMPUTED,RAB27A,down,-0.728330713
BRD-52CC8A4E_ADAM10_LNCaP,BRD-52CC8A4E,VPC14449,PRECOMPUTED,ADAM10,down,-0.267419553
BRD-52CC8A4E_TPM1_LNCaP,BRD-52CC8A4E,VPC14449,PRECOMPUTED,TPM1,down,-0.345101031
BRD-52CC8A4E_CLPX_LNCaP,BRD-52CC8A4E,VPC14449,PRECOMPUTED,CLPX,down,-0.260043509
BRD-52CC8A4E_HACD3_LNCaP,BRD-52CC8A4E,VPC14449,PRECOMPUTED,HACD3,down,-0.321022369
BRD-52CC8A4E_MAP2K5_LNCaP,BRD-52CC8A4E,VPC14449,PRECOMPUTED,MAP2K5,up,0.34976875
BRD-52CC8A4E_FAH_LNCaP,BRD-52CC8A4E,VPC14449,PRECOMPUTED,FAH,up,0.271940019
BRD-52CC8A4E_HOMER2_LNCaP,BRD-52CC8A4E,VPC14449,PRECOMPUTED,HOMER2,down,-0.297282574
BRD-52CC8A4E_IGF1R_LNCaP,BRD-52CC8A4E,VPC14449,PRECOMPUTED,IGF1R,down,-0.921713123
BRD-52CC8A4E_STUB1_LNCaP,BRD-52CC8A4E,VPC14449,PRECOMPUTED,STUB1,up,0.258231514
BRD-52CC8A4E_METRN_LNCaP,BRD-52CC8A4E,VPC14449,PRECOMPUTED,METRN,up,0.357901795
BRD-52CC8A4E_TRAP1_LNCaP,BRD-52CC8A4E,VPC14449,PRECOMPUTED,TRAP1,up,0.354176
BRD-52CC8A4E_USP7_LNCaP,BRD-52CC8A4E,VPC14449,PRECOMPUTED,USP7,down,-0.25366569
BRD-52CC8A4E_CCP110_LNCaP,BRD-52CC8A4E,VPC14449,PRECOMPUTED,CCP110,down,-0.319055143
BRD-52CC8A4E_PLK1_LNCaP,BRD-52CC8A4E,VPC14449,PRECOMPUTED,PLK1,up,0.309959483
BRD-52CC8A4E_IL4R_LNCaP,BRD-52CC8A4E,VPC14449,PRECOMPUTED,IL4R,up,0.396410721
BRD-52CC8A4E_ALDOA_LNCaP,BRD-52CC8A4E,VPC14449,PRECOMPUTED,ALDOA,up,0.411704962
BRD-52CC8A4E_NUP93_LNCaP,BRD-52CC8A4E,VPC14449,PRECOMPUTED,NUP93,up,0.378178231
BRD-52CC8A4E_ACD_LNCaP,BRD-52CC8A4E,VPC14449,PRECOMPUTED,ACD,up,0.348813884
BRD-52CC8A4E_PSMB10_LNCaP,BRD-52CC8A4E,VPC14449,PRECOMPUTED,PSMB10,up,0.374092452
BRD-52CC8A4E_PLA2G15_LNCaP,BRD-52CC8A4E,VPC14449,PRECOMPUTED,PLA2G15,up,0.358896766
BRD-52CC8A4E_CDH3_LNCaP,BRD-52CC8A4E,VPC14449,PRECOMPUTED,CDH3,up,0.697502459
BRD-52CC8A4E_AARS_LNCaP,BRD-52CC8A4E,VPC14449,PRECOMPUTED,AARS,up,0.318387299
BRD-52CC8A4E_ATMIN_LNCaP,BRD-52CC8A4E,VPC14449,PRECOMPUTED,ATMIN,down,-0.418822593
BRD-52CC8A4E_CRK_LNCaP,BRD-52CC8A4E,VPC14449,PRECOMPUTED,CRK,down,-0.331920951
BRD-52CC8A4E_PLSCR3_LNCaP,BRD-52CC8A4E,VPC14449,PRECOMPUTED,PLSCR3,down,-0.321543732
BRD-52CC8A4E_TP53_LNCaP,BRD-52CC8A4E,VPC14449,PRECOMPUTED,TP53,up,0.314509759
BRD-52CC8A4E_EPN2_LNCaP,BRD-52CC8A4E,VPC14449,PRECOMPUTED,EPN2,down,-0.364111777
BRD-52CC8A4E_CCL2_LNCaP,BRD-52CC8A4E,VPC14449,PRECOMPUTED,CCL2,down,-0.89610119
BRD-52CC8A4E_ERBB2_LNCaP,BRD-52CC8A4E,VPC14449,PRECOMPUTED,ERBB2,up,0.300946875
BRD-52CC8A4E_GRB7_LNCaP,BRD-52CC8A4E,VPC14449,PRECOMPUTED,GRB7,up,0.427789307
BRD-52CC8A4E_VAT1_LNCaP,BRD-52CC8A4E,VPC14449,PRECOMPUTED,VAT1,up,0.344177955
BRD-52CC8A4E_GRN_LNCaP,BRD-52CC8A4E,VPC14449,PRECOMPUTED,GRN,up,0.436816039
BRD-52CC8A4E_COL1A1_LNCaP,BRD-52CC8A4E,VPC14449,PRECOMPUTED,COL1A1,up,0.433884973
BRD-52CC8A4E_APPBP2_LNCaP,BRD-52CC8A4E,VPC14449,PRECOMPUTED,APPBP2,down,-0.776960884
BRD-52CC8A4E_TBX2_LNCaP,BRD-52CC8A4E,VPC14449,PRECOMPUTED,TBX2,up,1.619463688
BRD-52CC8A4E_ST6GALNAC2_LNCaP,BRD-52CC8A4E,VPC14449,PRECOMPUTED,ST6GALNAC2,down,-0.687746098
BRD-52CC8A4E_CYTH1_LNCaP,BRD-52CC8A4E,VPC14449,PRECOMPUTED,CYTH1,down,-0.460635515
BRD-52CC8A4E_TIMP2_LNCaP,BRD-52CC8A4E,VPC14449,PRECOMPUTED,TIMP2,up,0.324708302
BRD-52CC8A4E_GAA_LNCaP,BRD-52CC8A4E,VPC14449,PRECOMPUTED,GAA,up,0.41103361
BRD-52CC8A4E_MRPL12_LNCaP,BRD-52CC8A4E,VPC14449,PRECOMPUTED,MRPL12,up,0.309233033
BRD-52CC8A4E_PYCR1_LNCaP,BRD-52CC8A4E,VPC14449,PRECOMPUTED,PYCR1,up,0.312678479
BRD-52CC8A4E_RFNG_LNCaP,BRD-52CC8A4E,VPC14449,PRECOMPUTED,RFNG,up,0.263074926
BRD-52CC8A4E_RNMT_LNCaP,BRD-52CC8A4E,VPC14449,PRECOMPUTED,RNMT,down,-0.384086421
BRD-52CC8A4E_LAMA3_LNCaP,BRD-52CC8A4E,VPC14449,PRECOMPUTED,LAMA3,down,-0.254268859
BRD-52CC8A4E_DSG2_LNCaP,BRD-52CC8A4E,VPC14449,PRECOMPUTED,DSG2,down,-0.316546165
BRD-52CC8A4E_MALT1_LNCaP,BRD-52CC8A4E,VPC14449,PRECOMPUTED,MALT1,down,-0.884956476
BRD-52CC8A4E_PMAIP1_LNCaP,BRD-52CC8A4E,VPC14449,PRECOMPUTED,PMAIP1,down,-0.422529107
BRD-52CC8A4E_GNA15_LNCaP,BRD-52CC8A4E,VPC14449,PRECOMPUTED,GNA15,up,2.477636832
BRD-52CC8A4E_TBXA2R_LNCaP,BRD-52CC8A4E,VPC14449,PRECOMPUTED,TBXA2R,down,-0.43461654
BRD-52CC8A4E_FSD1_LNCaP,BRD-52CC8A4E,VPC14449,PRECOMPUTED,FSD1,up,0.646935223
BRD-52CC8A4E_STAP2_LNCaP,BRD-52CC8A4E,VPC14449,PRECOMPUTED,STAP2,up,0.36103693
BRD-52CC8A4E_MCOLN1_LNCaP,BRD-52CC8A4E,VPC14449,PRECOMPUTED,MCOLN1,up,0.261386094
BRD-52CC8A4E_STXBP2_LNCaP,BRD-52CC8A4E,VPC14449,PRECOMPUTED,STXBP2,up,0.341688209
BRD-52CC8A4E_CD320_LNCaP,BRD-52CC8A4E,VPC14449,PRECOMPUTED,CD320,up,0.29569264
BRD-52CC8A4E_ICAM1_LNCaP,BRD-52CC8A4E,VPC14449,PRECOMPUTED,ICAM1,down,-2.360978547
BRD-52CC8A4E_MAN2B1_LNCaP,BRD-52CC8A4E,VPC14449,PRECOMPUTED,MAN2B1,up,0.4430293
BRD-52CC8A4E_ADGRE5_LNCaP,BRD-52CC8A4E,VPC14449,PRECOMPUTED,ADGRE5,up,0.2637268
BRD-52CC8A4E_FCHO1_LNCaP,BRD-52CC8A4E,VPC14449,PRECOMPUTED,FCHO1,up,0.961883934
BRD-52CC8A4E_LPAR2_LNCaP,BRD-52CC8A4E,VPC14449,PRECOMPUTED,LPAR2,up,0.303901786
BRD-52CC8A4E_KIAA0355_LNCaP,BRD-52CC8A4E,VPC14449,PRECOMPUTED,KIAA0355,down,-0.258796908
BRD-52CC8A4E_LSR_LNCaP,BRD-52CC8A4E,VPC14449,PRECOMPUTED,LSR,up,0.409940295
BRD-52CC8A4E_POLR2I_LNCaP,BRD-52CC8A4E,VPC14449,PRECOMPUTED,POLR2I,up,0.349321471
BRD-52CC8A4E_ECH1_LNCaP,BRD-52CC8A4E,VPC14449,PRECOMPUTED,ECH1,up,0.325275925
BRD-52CC8A4E_PAFAH1B3_LNCaP,BRD-52CC8A4E,VPC14449,PRECOMPUTED,PAFAH1B3,up,0.287069678
BRD-52CC8A4E_RELB_LNCaP,BRD-52CC8A4E,VPC14449,PRECOMPUTED,RELB,up,0.642124843
BRD-52CC8A4E_TRAPPC6A_LNCaP,BRD-52CC8A4E,VPC14449,PRECOMPUTED,TRAPPC6A,up,0.263268132
BRD-52CC8A4E_RTN2_LNCaP,BRD-52CC8A4E,VPC14449,PRECOMPUTED,RTN2,up,0.371082172
BRD-52CC8A4E_LIG1_LNCaP,BRD-52CC8A4E,VPC14449,PRECOMPUTED,LIG1,up,0.329539683
BRD-52CC8A4E_NOSIP_LNCaP,BRD-52CC8A4E,VPC14449,PRECOMPUTED,NOSIP,up,0.415758291
BRD-52CC8A4E_PNKP_LNCaP,BRD-52CC8A4E,VPC14449,PRECOMPUTED,PNKP,up,0.305244962
BRD-52CC8A4E_NR1H2_LNCaP,BRD-52CC8A4E,VPC14449,PRECOMPUTED,NR1H2,up,0.334345597
BRD-52CC8A4E_ETFB_LNCaP,BRD-52CC8A4E,VPC14449,PRECOMPUTED,ETFB,up,0.349907791
BRD-52CC8A4E_MBOAT7_LNCaP,BRD-52CC8A4E,VPC14449,PRECOMPUTED,MBOAT7,up,0.355046369
BRD-52CC8A4E_RPS5_LNCaP,BRD-52CC8A4E,VPC14449,PRECOMPUTED,RPS5,up,0.35566078
BRD-52CC8A4E_TRIB3_LNCaP,BRD-52CC8A4E,VPC14449,PRECOMPUTED,TRIB3,up,0.52015451
BRD-52CC8A4E_FASTKD5_LNCaP,BRD-52CC8A4E,VPC14449,PRECOMPUTED,FASTKD5,down,-0.258368285
BRD-52CC8A4E_CDC25B_LNCaP,BRD-52CC8A4E,VPC14449,PRECOMPUTED,CDC25B,up,0.33302501
BRD-52CC8A4E_SNAP25_LNCaP,BRD-52CC8A4E,VPC14449,PRECOMPUTED,SNAP25,down,-0.838238411
BRD-52CC8A4E_SPAG4_LNCaP,BRD-52CC8A4E,VPC14449,PRECOMPUTED,SPAG4,up,0.514775614
BRD-52CC8A4E_SCAND1_LNCaP,BRD-52CC8A4E,VPC14449,PRECOMPUTED,SCAND1,up,0.335319611
BRD-52CC8A4E_MYBL2_LNCaP,BRD-52CC8A4E,VPC14449,PRECOMPUTED,MYBL2,up,0.454388485
BRD-52CC8A4E_CD40_LNCaP,BRD-52CC8A4E,VPC14449,PRECOMPUTED,CD40,up,2.506537868
BRD-52CC8A4E_NPEPL1_LNCaP,BRD-52CC8A4E,VPC14449,PRECOMPUTED,NPEPL1,up,0.295065811
BRD-52CC8A4E_TCEA2_LNCaP,BRD-52CC8A4E,VPC14449,PRECOMPUTED,TCEA2,up,0.292381115
BRD-52CC8A4E_NRIP1_LNCaP,BRD-52CC8A4E,VPC14449,PRECOMPUTED,NRIP1,down,-0.293555712
BRD-52CC8A4E_TIAM1_LNCaP,BRD-52CC8A4E,VPC14449,PRECOMPUTED,TIAM1,down,-0.659089343
BRD-52CC8A4E_CBR3_LNCaP,BRD-52CC8A4E,VPC14449,PRECOMPUTED,CBR3,up,0.432097443
BRD-52CC8A4E_PFKL_LNCaP,BRD-52CC8A4E,VPC14449,PRECOMPUTED,PFKL,up,0.315773847
BRD-52CC8A4E_RAC2_LNCaP,BRD-52CC8A4E,VPC14449,PRECOMPUTED,RAC2,up,1.933217382
BRD-52CC8A4E_SUV39H1_LNCaP,BRD-52CC8A4E,VPC14449,PRECOMPUTED,SUV39H1,up,0.350381032
BRD-52CC8A4E_HDAC6_LNCaP,BRD-52CC8A4E,VPC14449,PRECOMPUTED,HDAC6,up,0.296573251
BRD-52CC8A4E_TIMM17B_LNCaP,BRD-52CC8A4E,VPC14449,PRECOMPUTED,TIMM17B,up,0.314655897
BRD-52CC8A4E_HSD17B10_LNCaP,BRD-52CC8A4E,VPC14449,PRECOMPUTED,HSD17B10,up,0.270936549
BRD-52CC8A4E_BTK_LNCaP,BRD-52CC8A4E,VPC14449,PRECOMPUTED,BTK,down,-1.412043541
BRD-52CC8A4E_TSC22D3_LNCaP,BRD-52CC8A4E,VPC14449,PRECOMPUTED,TSC22D3,up,0.328228197
BRD-52CC8A4E_PSMD10_LNCaP,BRD-52CC8A4E,VPC14449,PRECOMPUTED,PSMD10,down,-0.25056313
BRD-52CC8A4E_MAMLD1_LNCaP,BRD-52CC8A4E,VPC14449,PRECOMPUTED,MAMLD1,up,0.680355585
